cell_0461.png,6.165868e-03,3.233823e-05,1.327033e-08,2.616719e-09,1.265690e-17,1.239736e-11,8.807424e-18
cell_0307.png,2.587875e-03,2.915497e-06,2.726144e-09,3.205922e-10,2.974083e-19,5.394487e-13,-3.708677e-20
cell_0313.png,4.369527e-03,1.600195e-05,1.023756e-08,1.061912e-08,1.102393e-16,4.148167e-11,-1.031867e-17
cell_0475.png,4.814154e-03,1.826439e-05,1.611204e-08,5.982567e-09,5.754393e-17,2.507387e-11,1.177502e-17
cell_0449.png,4.779476e-03,1.868409e-05,2.405765e-09,1.191777e-09,2.017852e-18,3.901028e-12,2.365360e-20
cell_0105.png,3.159573e-03,4.727906e-06,1.758667e-08,9.714820e-09,1.204802e-16,1.982685e-11,-4.011327e-17
cell_0111.png,3.356335e-03,8.661755e-06,8.756072e-09,4.657754e-09,2.948363e-17,1.364451e-11,-3.937428e-18
cell_0139.png,4.330035e-03,1.309431e-05,1.703966e-08,7.966314e-09,8.975166e-17,2.828104e-11,-2.364745e-17
cell_0071.png,4.290266e-03,1.592432e-05,2.919121e-08,2.314842e-08,6.008547e-16,9.234683e-11,-3.261100e-17
cell_0065.png,2.899991e-03,7.099757e-06,1.422786e-09,1.744912e-10,5.564218e-20,1.979984e-13,6.680479e-20
cell_0059.png,4.317359e-03,1.674440e-05,2.515208e-09,8.525318e-10,1.168343e-18,3.271569e-12,-4.398523e-19
cell_0515.png,3.450478e-03,1.002602e-05,6.347942e-09,2.774714e-09,1.140917e-17,8.642753e-12,-2.332283e-18
cell_0273.png,3.516956e-03,1.336274e-06,1.072609e-08,3.341793e-10,6.195563e-19,2.342004e-13,-1.282376e-19
cell_0267.png,5.653371e-03,5.886325e-06,8.570809e-08,3.736879e-08,1.360316e-15,-5.119919e-11,1.619266e-15
cell_0501.png,5.551698e-03,2.298694e-05,1.851083e-08,5.462909e-09,5.372682e-17,2.592209e-11,1.145773e-17
cell_0529.png,2.236877e-03,3.235644e-06,3.701641e-09,9.140932e-10,1.654394e-18,1.632692e-12,-3.003994e-19
cell_0298.png,4.848500e-03,1.029503e-05,1.800534e-08,5.343122e-09,-4.995386e-17,-1.690276e-11,-1.584788e-17
cell_0299.png,3.029309e-03,2.824503e-06,2.114441e-08,1.323918e-08,2.201907e-16,7.147570e-12,2.412102e-17
cell_0528.png,1.947927e-03,2.647934e-06,1.124174e-09,1.963041e-10,7.861541e-20,3.061772e-13,-4.820356e-20
cell_0266.png,8.641340e-03,2.114775e-05,1.948710e-07,9.691272e-08,-1.226601e-14,4.315232e-10,5.188337e-15
cell_0500.png,4.296189e-03,1.035567e-05,3.095990e-08,8.494962e-09,1.377502e-16,2.725178e-11,2.082754e-18
cell_0514.png,2.594219e-03,4.087709e-06,8.774241e-09,1.687666e-09,4.379346e-18,2.452806e-12,-4.795591e-18
cell_0272.png,5.557874e-03,1.640965e-05,9.062679e-09,7.488380e-09,4.075613e-17,2.599972e-11,-4.630888e-17
cell_0058.png,3.597153e-03,1.077412e-05,6.176083e-09,2.171745e-09,7.153068e-18,6.734156e-12,-3.477800e-18
cell_0064.png,3.886677e-03,1.293458e-05,7.035140e-09,3.500238e-09,1.733190e-17,1.250305e-11,-1.139455e-18
cell_0070.png,3.104605e-03,7.106848e-06,3.796152e-09,1.063958e-09,1.746668e-18,2.467233e-12,-1.233398e-18
cell_0138.png,3.564453e-03,8.883648e-06,1.269458e-08,5.695536e-09,4.788787e-17,1.621435e-11,-7.223574e-18
cell_0110.png,5.509314e-03,2.534458e-05,1.247294e-07,1.043328e-07,1.189520e-14,5.211881e-10,-3.985062e-16
cell_0104.png,3.376197e-03,5.325329e-06,2.516345e-08,1.343488e-08,2.311920e-16,3.032675e-11,-8.700630e-17
cell_0448.png,3.353278e-03,6.723817e-06,1.997863e-09,1.019278e-10,-1.247307e-21,-9.669777e-14,-4.597927e-20
cell_0312.png,3.262568e-03,4.751873e-06,1.808335e-10,1.584113e-09,-8.051733e-19,3.391360e-12,2.656023e-19
cell_0474.png,5.218592e-03,1.712560e-05,1.779013e-08,1.553391e-10,1.257047e-19,-5.752680e-13,-2.255712e-19
cell_0460.png,4.265935e-03,1.110196e-05,6.194561e-08,3.363555e-08,1.496575e-15,1.088846e-10,3.428059e-16
cell_0306.png,1.643472e-03,2.582542e-07,1.056826e-09,2.053627e-11,-4.649384e-22,3.887140e-15,2.989470e-21
cell_0476.png,5.594322e-03,2.458525e-05,1.322774e-09,6.814526e-10,-4.589668e-19,3.062216e-12,4.560079e-19
cell_0310.png,2.924575e-03,4.828934e-06,2.951527e-10,7.273352e-10,-5.024117e-20,1.380246e-12,3.332303e-19
cell_0304.png,2.514861e-03,3.199834e-06,1.630613e-09,3.647309e-10,2.577000e-19,-1.184319e-14,1.127275e-19
cell_0462.png,5.942431e-03,3.031351e-05,2.560262e-09,7.887725e-11,-2.751055e-20,-4.057940e-13,-2.235181e-20
cell_0338.png,4.456310e-03,1.528989e-05,3.733771e-10,8.456245e-10,-1.147802e-19,3.201671e-12,-4.610888e-19
cell_0489.png,7.900959e-03,4.015272e-05,4.369464e-08,2.087033e-08,4.850599e-16,6.971310e-12,4.023969e-16
cell_0112.png,3.812069e-03,1.182337e-05,2.241348e-08,1.560420e-08,2.915764e-16,5.242517e-11,-1.195388e-17
cell_0106.png,2.524866e-03,3.663248e-06,6.962484e-09,2.437721e-09,9.972940e-18,3.328115e-12,-1.183120e-18
cell_0066.png,6.824449e-03,3.657891e-05,2.753951e-07,1.960498e-07,4.548965e-14,8.580395e-10,2.422659e-15
cell_0072.png,4.588966e-03,1.874905e-05,7.409745e-09,4.450235e-09,2.542688e-17,1.920983e-11,-2.555836e-18
cell_0099.png,3.325975e-03,9.737587e-06,2.642737e-09,1.502723e-09,2.992476e-18,4.585988e-12,-1.139241e-19
cell_0502.png,6.014883e-03,2.610885e-05,4.726158e-08,1.056928e-08,2.196668e-16,5.067632e-11,8.687840e-17
cell_0264.png,3.593507e-03,7.986590e-06,7.167275e-09,1.587913e-09,2.347346e-18,-1.214292e-13,-4.815270e-18
cell_0270.png,6.117647e-03,1.658562e-05,1.602979e-07,6.801043e-08,5.455208e-15,2.298444e-10,-4.546062e-15
cell_0516.png,3.169701e-03,8.374921e-06,5.689720e-09,1.631560e-09,4.383062e-18,3.074723e-12,2.345274e-18
cell_0258.png,5.479074e-03,2.959728e-06,4.452662e-09,2.823234e-08,7.436352e-17,4.639463e-11,3.076823e-16
cell_0259.png,6.165182e-03,2.421693e-06,5.197970e-08,4.683690e-08,-1.868388e-15,7.177207e-11,-1.360084e-15
cell_0271.png,8.523629e-03,1.039988e-05,2.411481e-08,2.783591e-08,-3.573363e-16,8.542118e-11,6.264398e-16
cell_0517.png,2.577720e-03,4.820208e-06,4.907008e-09,1.282867e-09,3.182347e-18,2.807888e-12,-4.824052e-19
cell_0503.png,5.122850e-03,1.652736e-05,3.808572e-08,8.215288e-09,1.452731e-16,3.334773e-11,3.555363e-18
cell_0265.png,3.555194e-03,1.700796e-06,2.290930e-08,5.342171e-09,5.810674e-17,-3.808958e-12,1.078599e-17
cell_0098.png,4.002788e-03,1.459322e-05,2.092536e-08,1.806148e-08,3.509331e-16,6.875804e-11,-1.172053e-17
cell_0073.png,2.738004e-03,5.299425e-06,4.859123e-09,2.541509e-09,8.845855e-18,5.540705e-12,-1.232715e-18
cell_0067.png,3.334880e-03,1.045594e-05,2.419391e-10,4.489009e-10,1.475724e-19,1.446730e-12,1.038861e-20
cell_0107.png,2.772227e-03,5.826440e-06,9.415894e-09,6.655705e-09,5.251646e-17,1.552917e-11,-4.263483e-18
cell_0113.png,2.845350e-03,5.902898e-06,6.482827e-09,3.614618e-09,1.737113e-17,8.182047e-12,-2.099060e-18
cell_0488.png,6.082987e-03,2.376681e-05,4.838404e-08,1.470357e-08,3.921642e-16,7.146186e-11,-3.519257e-18
cell_0339.png,4.310209e-03,1.006666e-05,6.522173e-09,1.857615e-09,6.465846e-18,4.941583e-12,2.884789e-20
cell_0305.png,3.695378e-03,1.221391e-06,1.728206e-08,5.582925e-10,1.358229e-18,-5.953406e-13,1.078213e-18
cell_0463.png,5.485746e-03,2.101024e-05,2.041146e-08,2.110590e-09,1.130141e-17,7.868701e-12,-8.011424e-18
cell_0477.png,4.737194e-03,1.581055e-05,2.306921e-08,5.093733e-09,5.176764e-17,1.896918e-11,1.920933e-17
cell_0311.png,4.507174e-03,1.481115e-05,1.312503e-09,5.406085e-11,-3.561061e-21,-1.907613e-13,1.395315e-20
cell_0329.png,6.149851e-03,2.506504e-05,6.121014e-08,1.363776e-08,3.004336e-16,5.058120e-11,2.549454e-16
cell_0315.png,3.171229e-03,5.962484e-06,3.575225e-09,2.452830e-10,-9.348291e-20,-2.313734e-14,-2.098120e-19
cell_0473.png,5.875269e-03,2.510050e-05,3.944969e-08,1.283949e-08,2.888416e-16,6.399375e-11,8.396613e-18
cell_0467.png,6.149831e-03,2.725585e-05,5.783741e-08,1.306939e-08,3.426224e-16,6.518200e-11,-1.082784e-16
cell_0301.png,4.690977e-03,1.802824e-05,1.731502e-08,1.072648e-08,1.453834e-16,3.032962e-11,1.527159e-17
cell_0498.png,5.666084e-03,2.185606e-05,4.154785e-08,5.614870e-09,8.297310e-17,2.533706e-11,-2.168431e-17
cell_0117.png,3.936964e-03,9.826016e-06,6.438015e-08,4.853564e-08,2.688602e-15,1.521365e-10,-3.638305e-16
cell_0103.png,3.252424e-03,7.379732e-06,1.877528e-08,1.088446e-08,1.552837e-16,2.737739e-11,-9.881818e-18
cell_0063.png,4.222057e-03,1.636501e-05,1.055671e-11,2.248315e-10,9.795207e-21,8.501550e-13,-4.902203e-21
cell_0077.png,5.129537e-03,2.454070e-05,2.263890e-08,1.765397e-08,3.526891e-16,8.743462e-11,-1.309795e-17
cell_0088.png,3.960641e-03,1.380556e-05,1.795084e-08,1.366536e-08,2.138958e-16,5.073719e-11,-7.571100e-18
cell_0249.png,4.179463e-03,9.905799e-06,6.608653e-09,3.596626e-09,1.749069e-17,7.691792e-12,-1.242181e-18
cell_0261.png,1.005878e-02,5.078000e-05,3.814062e-07,5.483717e-07,2.461296e-13,3.494161e-09,4.811184e-14
cell_0507.png,4.436537e-03,1.196353e-05,4.739115e-08,1.641242e-08,4.521020e-16,5.617639e-11,-7.154522e-17
cell_0513.png,3.025231e-03,7.611430e-06,2.564367e-09,5.995742e-10,7.178555e-19,1.643439e-12,-1.934122e-19
cell_0275.png,5.152125e-03,3.478352e-06,5.441391e-09,4.281319e-09,2.908421e-18,-3.063058e-12,2.045863e-17
cell_0512.png,3.521508e-03,9.393955e-06,6.912980e-09,7.599622e-10,1.642054e-18,1.899707e-12,5.812388e-19
cell_0274.png,4.911642e-03,3.507737e-06,1.829997e-08,2.326238e-09,8.246767e-18,4.355494e-12,-1.274181e-17
cell_0260.png,4.833914e-03,9.439627e-06,4.096970e-08,1.387042e-08,3.020186e-16,2.866823e-11,1.345842e-16
cell_0506.png,5.012957e-03,1.279516e-05,4.023598e-08,4.937300e-09,5.570751e-17,1.617056e-11,4.170519e-17
cell_0248.png,4.364346e-03,9.408841e-06,1.642966e-08,1.726446e-09,-7.377921e-18,-4.966829e-12,5.487373e-18
cell_0089.png,2.908465e-03,7.278002e-06,3.119548e-09,1.960710e-09,4.843931e-18,5.193229e-12,-2.250288e-19
cell_0076.png,3.743799e-03,1.267546e-05,2.628491e-09,1.605522e-09,3.263242e-18,5.563578e-12,-4.789709e-19
cell_0062.png,5.293123e-03,1.739555e-05,1.951067e-07,2.299004e-07,4.831685e-14,7.585477e-10,-6.021742e-15
cell_0102.png,3.587191e-03,4.311303e-06,3.355313e-08,9.687372e-09,1.600953e-16,1.962865e-11,-6.980752e-17
cell_0116.png,3.190123e-03,5.722851e-06,2.120232e-08,1.411846e-08,2.362242e-16,3.364250e-11,-6.218278e-17
cell_0499.png,2.866649e-03,4.332959e-06,7.289540e-09,5.283664e-10,5.610651e-19,7.555084e-13,8.720360e-19
cell_0466.png,6.350409e-03,2.929135e-05,6.222638e-08,2.264554e-08,8.368608e-16,1.185777e-10,-1.493496e-16
cell_0300.png,1.934167e-03,1.172825e-06,5.883918e-10,6.832924e-11,1.071211e-20,3.958797e-14,8.541679e-21
cell_0314.png,3.841714e-03,1.110715e-05,8.108695e-10,2.670384e-10,2.922141e-21,6.635493e-13,-1.242270e-19
cell_0472.png,3.833901e-03,9.714831e-06,2.019589e-09,8.588024e-10,7.482962e-19,2.380940e-12,8.480950e-19
cell_0328.png,5.706685e-03,1.675428e-05,2.196639e-08,3.093118e-09,1.145548e-17,1.167548e-12,-2.277771e-17
cell_0458.png,3.677206e-03,6.485678e-06,1.147782e-08,4.804301e-10,2.018372e-19,5.426789e-13,1.109969e-18
cell_0302.png,4.969566e-03,3.064671e-06,3.358130e-08,6.237677e-09,8.276133e-17,1.079379e-11,3.606553e-17
cell_0464.png,4.832287e-03,1.827216e-05,3.945863e-08,1.836407e-08,4.910878e-16,7.725096e-11,5.659893e-17
cell_0470.png,4.446717e-03,1.448417e-05,4.556246e-09,2.971124e-10,4.203777e-20,6.097552e-13,3.431228e-19
cell_0316.png,3.369543e-03,4.373263e-06,7.436694e-09,3.238393e-10,3.806243e-19,5.594256e-13,-3.281578e-19
cell_0128.png,2.642315e-03,3.665850e-06,1.100531e-08,2.953394e-09,1.682605e-17,3.757906e-12,6.269036e-19
cell_0100.png,5.119099e-03,2.340620e-05,1.470435e-08,9.969327e-09,1.200904e-16,4.786923e-11,-1.215491e-17
cell_0114.png,2.866518e-03,4.240560e-06,9.136134e-09,4.935939e-09,3.070022e-17,8.729079e-12,-1.249710e-17
cell_0048.png,3.487487e-03,9.000335e-06,6.642987e-10,6.388092e-10,3.759269e-19,1.913245e-12,-1.784674e-19
cell_0074.png,3.545615e-03,1.148745e-05,3.573344e-09,2.463989e-09,7.308336e-18,8.304464e-12,-2.087771e-19
cell_0060.png,4.038330e-03,1.484170e-05,1.066190e-09,2.587271e-10,8.635298e-20,6.352430e-13,-1.049221e-19
cell_0538.png,3.242341e-03,8.951660e-06,2.933708e-09,1.098477e-09,1.971214e-18,3.122324e-12,5.367060e-20
cell_0276.png,4.408549e-03,1.927259e-06,2.465385e-09,2.359503e-08,-6.682600e-17,-1.313379e-11,1.670912e-16
cell_0510.png,3.519301e-03,1.073854e-05,1.617944e-09,2.559136e-10,-7.667382e-20,-8.068291e-13,1.457334e-19
cell_0504.png,5.089903e-03,1.860641e-05,2.992114e-08,6.918686e-09,9.593839e-17,2.899843e-11,2.655685e-17
cell_0262.png,5.406379e-03,1.048951e-05,1.994939e-07,8.366287e-08,1.054957e-14,2.510416e-10,2.351481e-15
cell_0289.png,4.681557e-03,3.161987e-06,4.799771e-08,5.869281e-09,3.170206e-17,9.434920e-12,9.327125e-17
cell_0288.png,4.777993e-03,4.154491e-06,2.395187e-08,2.633139e-09,1.410513e-17,1.718958e-12,-1.543783e-17
cell_0505.png,4.610458e-03,1.451370e-05,2.769211e-08,5.789970e-09,6.790581e-17,2.055994e-11,-2.763841e-17
cell_0263.png,1.174997e-02,2.907500e-05,7.517486e-07,5.776217e-08,-1.095385e-14,-2.716583e-10,4.989139e-15
cell_0277.png,4.230021e-03,6.426809e-06,3.039090e-08,1.436322e-08,2.420192e-16,-8.380384e-12,1.774259e-16
cell_0511.png,3.518076e-03,1.066996e-05,8.831238e-09,4.599580e-09,2.878728e-17,1.428134e-11,-5.536640e-18
cell_0539.png,2.426051e-03,2.104542e-06,9.807691e-09,1.261871e-09,3.970027e-18,1.811711e-12,-1.986325e-18
cell_0061.png,3.203292e-03,8.684896e-06,1.563443e-09,2.890035e-10,4.525270e-20,2.741851e-13,-1.889214e-19
cell_0075.png,4.144227e-03,1.414727e-05,2.421312e-08,1.679897e-08,3.381752e-16,6.315299e-11,-2.064562e-17
cell_0049.png,3.024346e-03,6.327164e-06,9.924868e-10,1.366735e-09,1.458290e-18,3.373335e-12,-6.381400e-19
cell_0115.png,1.923448e-03,1.534820e-06,2.293996e-09,7.016067e-10,5.252773e-19,7.317238e-13,-7.185786e-19
cell_0101.png,5.111209e-03,2.411886e-05,7.930414e-09,4.723104e-09,2.865430e-17,2.262547e-11,-3.806917e-18
cell_0129.png,4.023409e-03,4.554972e-06,2.961695e-08,1.029516e-08,9.128204e-17,2.026031e-11,-1.548717e-16
cell_0471.png,4.888780e-03,1.314380e-05,6.357450e-08,1.511117e-08,4.570329e-16,5.381609e-11,-1.024248e-16
cell_0317.png,5.355776e-03,1.393436e-05,7.951772e-09,2.688725e-09,-5.209099e-18,-6.170010e-13,1.128837e-17
cell_0303.png,4.650316e-03,5.096031e-06,3.224472e-08,2.655331e-08,6.883483e-16,4.227303e-11,3.603715e-16
cell_0465.png,4.892961e-03,1.827537e-05,5.758455e-09,6.602326e-10,1.164802e-18,-1.048727e-12,-5.481967e-19
cell_0459.png,3.933456e-03,1.143914e-05,1.548209e-09,6.100496e-10,4.665264e-19,1.913333e-12,3.658590e-19
cell_0364.png,2.954299e-03,5.533991e-06,3.329140e-09,2.631962e-10,2.239983e-19,5.856062e-13,-1.025783e-19
cell_0402.png,3.449802e-03,8.516073e-06,1.604465e-09,7.605156e-11,2.654274e-20,2.185611e-13,-1.113118e-21
cell_0416.png,5.737026e-03,2.235564e-05,6.966532e-09,1.275094e-09,3.612667e-18,2.074171e-12,-1.179471e-18
cell_0370.png,4.269054e-03,1.295765e-05,2.099776e-08,4.250095e-09,3.035100e-17,1.189667e-11,-2.628367e-17
cell_0358.png,3.899955e-03,6.150744e-06,7.795004e-09,7.039587e-10,1.455859e-18,1.396002e-12,-7.744534e-19
cell_0166.png,3.304387e-03,4.794311e-06,1.604467e-08,2.310729e-09,1.354696e-17,5.059551e-12,-3.799998e-18
cell_0172.png,4.940442e-03,1.783331e-05,3.962136e-10,3.189495e-09,1.971382e-18,1.278669e-11,2.994884e-18
cell_0199.png,3.684085e-03,7.660890e-06,9.398418e-09,7.129553e-10,6.044468e-19,6.417946e-13,1.743737e-18
cell_0012.png,3.002855e-03,4.983661e-06,1.365251e-09,1.532712e-10,6.719344e-20,1.765093e-13,-2.002108e-20
cell_0006.png,2.778377e-03,4.183558e-06,4.858077e-10,1.222801e-10,1.273718e-20,2.485929e-13,2.694450e-20
cell_0210.png,3.992701e-03,1.050878e-05,4.480072e-09,1.078964e-09,1.951994e-18,-2.239538e-13,1.347994e-18
cell_0204.png,4.412823e-03,1.558630e-05,7.620833e-09,5.528667e-09,3.521486e-17,2.172901e-11,-6.910776e-18
cell_0238.png,3.030945e-03,5.933769e-06,4.937501e-10,2.623616e-10,7.227220e-20,4.491152e-13,-6.077420e-20
cell_0239.png,3.770593e-03,5.428489e-06,2.353036e-08,2.942212e-09,2.280126e-17,6.316426e-12,-8.911271e-18
cell_0205.png,4.130896e-03,1.262558e-05,5.871532e-09,4.924944e-09,2.610198e-17,1.742150e-11,-4.479880e-18
cell_0211.png,4.298599e-03,1.231588e-05,7.598866e-09,1.375551e-09,2.493895e-18,-1.335386e-12,3.682164e-18
cell_0007.png,2.438086e-03,1.895137e-06,2.095030e-09,7.927112e-11,2.488727e-20,1.032470e-13,2.059675e-20
cell_0013.png,2.724371e-03,3.562326e-06,8.524500e-10,6.040551e-11,-5.044755e-21,-8.703179e-14,1.274513e-20
cell_0198.png,3.462848e-03,8.345902e-06,8.095686e-10,1.294939e-11,1.057725e-21,1.171645e-15,7.994678e-22
cell_0173.png,3.897625e-03,1.008012e-05,4.976995e-09,3.006381e-10,2.870184e-19,8.599500e-13,-2.299101e-19
cell_0167.png,3.806564e-03,9.031976e-06,3.791598e-09,4.087377e-11,-8.342569e-21,-1.923529e-15,1.375922e-20
cell_0359.png,3.105462e-03,6.098713e-06,5.352383e-10,1.744546e-11,-1.198387e-21,-1.644358e-14,-1.185612e-21
cell_0417.png,5.793129e-03,2.785457e-05,4.511053e-09,9.258218e-09,5.748160e-17,4.675857e-11,-1.660353e-17
cell_0371.png,5.431201e-03,2.241967e-05,7.437802e-09,7.225449e-10,1.240364e-18,2.678416e-12,-1.125693e-18
cell_0365.png,2.805212e-03,4.023011e-06,1.411018e-09,1.846606e-11,-1.790308e-21,-7.859262e-15,-2.383224e-21
cell_0403.png,2.968409e-03,4.629215e-06,2.092539e-09,5.002354e-10,4.766223e-19,8.310587e-13,-1.864624e-19
cell_0373.png,3.021365e-03,5.423475e-06,4.698822e-09,9.656979e-10,1.541460e-18,1.663852e-12,-1.362197e-18
cell_0415.png,6.251613e-03,3.332057e-05,7.579855e-09,1.125994e-08,1.040241e-16,6.154964e-11,1.942165e-19
cell_0401.png,2.986889e-03,5.690410e-06,6.913409e-10,2.299002e-11,-2.858002e-21,-5.354655e-14,4.821111e-22
cell_0367.png,2.648442e-03,3.316158e-06,3.434958e-09,3.658433e-10,-1.507305e-19,-4.679090e-13,3.814091e-19
cell_0429.png,4.061664e-03,1.265056e-05,6.375282e-09,7.461227e-09,5.118698e-17,2.643802e-11,-5.288390e-18
cell_0398.png,2.929753e-03,5.514847e-06,1.455545e-09,8.045854e-11,-4.467014e-21,2.508515e-14,-2.716934e-20
cell_0171.png,4.305120e-03,1.373365e-05,1.112558e-09,3.004603e-09,5.418711e-18,9.786859e-12,9.028506e-19
cell_0165.png,3.511619e-03,6.813867e-06,4.935426e-09,2.724353e-10,3.100476e-19,7.096172e-13,-6.055436e-20
cell_0159.png,3.254494e-03,7.894686e-06,1.276082e-10,1.508564e-10,1.857196e-20,2.058036e-13,-9.652902e-21
cell_0005.png,3.446869e-03,6.998669e-06,4.511901e-10,2.237481e-09,1.651133e-18,5.877007e-12,-1.525709e-18
cell_0011.png,2.948905e-03,4.549675e-06,1.461362e-09,5.895008e-10,4.525446e-19,1.099901e-12,-3.075307e-19
cell_0039.png,2.863108e-03,5.151856e-06,4.290871e-10,9.540663e-12,-5.005610e-22,-2.086304e-14,-3.493874e-22
cell_0207.png,4.190727e-03,1.376380e-05,3.648457e-09,6.934670e-10,8.764828e-19,2.028604e-12,6.696911e-19
cell_0213.png,4.799309e-03,1.647762e-05,2.977441e-09,1.560880e-09,2.846377e-18,4.538518e-12,-1.794684e-18
cell_0549.png,2.658992e-03,5.143278e-06,3.417291e-09,2.640480e-10,4.683602e-20,-1.775813e-13,2.464101e-19
cell_0548.png,2.837091e-03,6.600292e-06,2.857601e-09,4.020753e-10,2.026335e-19,6.630967e-14,3.803781e-19
cell_0212.png,3.725181e-03,9.480748e-06,7.331920e-09,6.290491e-09,4.225162e-17,1.906512e-11,-6.311650e-18
cell_0206.png,3.402077e-03,8.374449e-06,2.840738e-09,1.956193e-09,4.610757e-18,4.812729e-12,-7.722801e-20
cell_0560.png,2.550440e-03,4.205887e-06,7.854914e-09,2.080672e-09,8.411511e-18,4.211895e-12,-2.554670e-20
cell_0038.png,3.210936e-03,7.004745e-06,4.462432e-10,3.065399e-11,2.589288e-21,9.656915e-15,2.479802e-21
cell_0010.png,2.294002e-03,1.757654e-06,1.367027e-09,2.916964e-11,-3.310972e-21,3.036622e-14,-4.792329e-21
cell_0004.png,2.924676e-03,4.557543e-06,3.262061e-09,2.807084e-10,-2.411795e-19,-3.652167e-13,1.182626e-19
cell_0158.png,3.413267e-03,8.708094e-06,4.182962e-10,2.344163e-11,2.237378e-21,6.902730e-14,6.183748e-22
cell_0164.png,4.718506e-03,1.793075e-05,8.447336e-10,1.364830e-09,1.127296e-18,4.408609e-12,9.363839e-19
cell_0170.png,4.040288e-03,1.023806e-05,5.966475e-11,1.674121e-09,4.645858e-20,5.131952e-12,5.270579e-19
cell_0399.png,3.641198e-03,1.003765e-05,1.150430e-09,1.374572e-09,1.650087e-18,4.327198e-12,-5.148693e-19
cell_0428.png,2.746145e-03,3.940572e-06,1.032177e-10,2.179079e-11,-5.141775e-22,1.255667e-14,8.964518e-22
cell_0400.png,2.866049e-03,5.817998e-06,3.782955e-10,3.303957e-10,1.146398e-19,7.734592e-13,-2.239407e-20
cell_0366.png,3.001141e-03,4.805415e-06,1.959202e-09,1.868680e-10,9.585857e-20,-4.727101e-14,5.996369e-20
cell_0372.png,3.263070e-03,8.416090e-06,1.926139e-09,3.043324e-10,-6.382829e-20,-5.757797e-13,2.240926e-19
cell_0414.png,4.744547e-03,1.605844e-05,1.254675e-09,1.844113e-09,-1.145921e-18,6.878153e-12,-2.560351e-18
cell_0438.png,3.717942e-03,7.345342e-06,8.417644e-09,2.995526e-09,1.483600e-17,7.119634e-12,-2.480751e-18
cell_0410.png,3.551968e-03,5.208724e-06,2.099928e-09,8.506986e-10,8.804766e-19,1.633471e-12,-7.194178e-19
cell_0376.png,3.428458e-03,7.120455e-06,1.870070e-09,9.853640e-11,3.739667e-20,2.478851e-13,1.976471e-20
cell_0362.png,2.806123e-03,5.154926e-06,1.241522e-11,2.928518e-10,-1.204577e-20,6.619372e-13,1.291182e-20
cell_0404.png,2.953794e-03,5.321614e-06,9.699971e-10,7.539082e-11,1.983179e-20,-3.757685e-15,4.727371e-21
cell_0389.png,2.718046e-03,3.322084e-06,1.784675e-09,2.759817e-10,1.761189e-19,4.486478e-13,-8.060239e-20
cell_0148.png,4.884780e-03,1.568106e-05,4.796784e-08,2.390171e-08,7.873552e-16,9.442964e-11,-1.872571e-16
cell_0174.png,4.057056e-03,1.167817e-05,8.777070e-10,7.103757e-10,5.437073e-19,9.680322e-13,1.379212e-19
cell_0160.png,3.666793e-03,9.131232e-06,1.302600e-10,2.741819e-10,-5.180830e-20,8.237145e-13,8.919806e-22
cell_0028.png,2.804160e-03,4.075500e-06,6.132629e-10,3.707952e-10,6.249340e-20,6.291381e-13,-1.654053e-19
cell_0000.png,3.447352e-03,8.547453e-06,3.765289e-10,2.631841e-11,-1.870697e-21,-7.480953e-14,-1.834257e-21
cell_0014.png,2.669039e-03,3.067696e-06,4.146230e-10,1.239005e-11,-6.746643e-22,1.839825e-14,-5.774579e-22
cell_0558.png,2.241304e-03,2.204147e-06,5.634838e-09,5.643624e-10,8.494777e-19,8.245338e-13,-5.396872e-19
cell_0202.png,3.244749e-03,4.325624e-06,1.078510e-08,1.010251e-09,3.128028e-18,2.047405e-12,-1.155688e-18
cell_0216.png,3.519342e-03,7.143838e-06,1.684404e-09,5.001212e-11,-1.308644e-20,-1.331426e-13,6.280824e-21
cell_0217.png,3.878399e-03,1.079228e-05,2.438451e-09,4.360020e-10,4.277344e-19,1.398885e-12,-1.383814e-19
cell_0203.png,3.447807e-03,6.196993e-06,8.612889e-09,8.557177e-10,2.303587e-18,2.128450e-12,-3.005601e-19
cell_0559.png,2.686222e-03,5.179093e-06,2.992328e-09,4.320744e-10,4.012692e-19,9.268144e-13,-2.834677e-19
cell_0015.png,2.556912e-03,3.213271e-06,5.196014e-10,4.782583e-11,7.479653e-21,5.998463e-14,-9.462062e-22
cell_0001.png,3.285671e-03,7.288007e-06,5.127931e-10,7.611527e-11,1.458202e-20,1.636688e-13,-3.673452e-21
cell_0029.png,2.657315e-03,4.058009e-06,3.386560e-10,3.629165e-11,4.359154e-22,6.369593e-14,-3.999680e-21
cell_0161.png,3.846128e-03,1.112571e-05,1.128465e-08,3.322897e-09,2.033391e-17,1.108336e-11,7.542083e-19
cell_0175.png,4.215880e-03,1.400185e-05,8.555776e-10,3.135702e-10,1.100272e-19,4.148834e-13,1.194712e-19
cell_0149.png,3.546621e-03,5.695275e-06,2.588492e-08,9.464407e-09,1.399459e-16,2.182473e-11,-4.857691e-17
cell_0388.png,3.321008e-03,8.073252e-06,4.807226e-11,9.112212e-11,8.446152e-22,2.510351e-13,-5.971476e-21
cell_0363.png,2.288659e-03,1.160475e-06,4.603794e-09,1.150250e-09,2.451410e-18,5.809550e-13,9.984786e-19
cell_0405.png,2.811879e-03,5.060287e-06,2.082504e-09,1.648554e-10,-5.547463e-20,-3.661830e-13,7.907503e-20
cell_0411.png,2.927029e-03,4.114140e-06,6.599358e-10,2.939675e-10,2.916901e-20,5.756165e-13,-1.261508e-19
cell_0377.png,2.494243e-03,3.408304e-06,7.213627e-10,3.578410e-10,1.670569e-19,6.579870e-13,7.173570e-20
cell_0439.png,5.091050e-03,1.644117e-05,5.500254e-08,2.524522e-08,9.389442e-16,9.108863e-11,5.776204e-17
cell_0349.png,5.285914e-03,1.967818e-05,3.828349e-09,7.057758e-10,1.136084e-18,-3.599736e-13,-2.349670e-19
cell_0407.png,2.730578e-03,4.248642e-06,3.756894e-10,1.445348e-11,2.474487e-22,-9.111398e-15,1.035914e-21
cell_0361.png,3.233235e-03,6.569175e-06,1.125541e-09,6.637761e-10,-8.089037e-20,1.573469e-12,-5.680063e-19
cell_0375.png,3.192766e-03,6.769226e-06,1.017482e-09,2.035062e-10,6.024953e-20,-1.915123e-13,7.032419e-20
cell_0413.png,3.225823e-03,5.998068e-06,4.306445e-09,8.721133e-10,4.595961e-19,2.854483e-13,-1.626436e-18
cell_0163.png,4.028800e-03,1.042214e-05,6.254338e-09,6.264705e-10,1.148887e-18,1.935792e-12,-4.666899e-19
cell_0177.png,4.013549e-03,1.164954e-05,1.444916e-09,8.503776e-10,2.197231e-19,2.096378e-12,-9.166592e-19
cell_0188.png,4.558272e-03,1.353121e-05,1.402588e-09,1.022863e-09,7.946375e-19,1.997447e-12,9.325004e-19
cell_0017.png,2.876196e-03,5.540667e-06,3.492757e-10,1.385438e-11,-1.879827e-22,-3.174755e-14,-9.452398e-22
cell_0003.png,2.916572e-03,4.237388e-06,2.032531e-09,1.534384e-11,2.523373e-21,-3.924013e-15,-9.874274e-22
cell_0229.png,3.388180e-03,6.155211e-06,3.018203e-09,7.550631e-11,1.500610e-20,1.399013e-13,3.277321e-20
cell_0215.png,3.625703e-03,7.819989e-06,5.939513e-09,1.503426e-09,4.382528e-18,2.077937e-12,9.884126e-19
cell_0201.png,3.617721e-03,8.169027e-06,6.034374e-09,4.134516e-10,-3.047431e-19,-3.803271e-14,5.775977e-19
cell_0200.png,4.065884e-03,1.335163e-05,4.109042e-10,1.974997e-11,1.769594e-21,7.040429e-14,-1.844466e-22
cell_0214.png,4.568601e-03,1.328858e-05,3.860636e-09,2.206136e-10,-6.384465e-21,-6.939452e-13,2.034999e-19
cell_0228.png,3.678847e-03,9.985610e-06,3.995992e-09,3.373598e-10,-5.967715e-20,2.282736e-13,-3.871260e-19
cell_0002.png,2.867511e-03,4.879480e-06,2.937247e-10,2.590922e-11,1.946253e-21,4.083181e-14,-1.149225e-21
cell_0016.png,2.722698e-03,3.941880e-06,1.114592e-10,7.722754e-11,-7.155253e-21,1.265925e-13,-3.736624e-22
cell_0189.png,3.741474e-03,8.395269e-06,4.503154e-09,1.000432e-10,2.759734e-21,-2.808648e-13,-6.709233e-20
cell_0176.png,3.581976e-03,8.240734e-06,2.695354e-09,6.648336e-11,2.743723e-20,1.896347e-13,6.265150e-21
cell_0162.png,3.327775e-03,7.559078e-06,4.258836e-10,6.042784e-11,9.489197e-21,1.536666e-13,-1.981908e-21
cell_0374.png,2.788096e-03,4.866439e-06,7.867145e-10,1.786179e-10,6.178994e-20,7.432272e-14,-2.579234e-20
cell_0412.png,4.232669e-03,1.141475e-05,7.491602e-10,2.996463e-10,7.067293e-20,1.012122e-12,-1.231308e-19
cell_0406.png,2.695148e-03,4.999715e-06,2.325662e-10,4.041313e-11,3.303345e-21,5.711647e-14,-2.106685e-21
cell_0360.png,2.967681e-03,4.571277e-06,2.997939e-09,1.290449e-10,-6.611571e-20,-1.216331e-13,-4.550912e-20
cell_0348.png,7.922991e-03,4.295022e-05,6.789176e-09,3.457506e-08,5.248105e-16,2.255591e-10,-7.201230e-17
cell_0345.png,5.296472e-03,1.896814e-05,1.066908e-08,3.122225e-09,1.614628e-17,1.272474e-11,8.001605e-18
cell_0423.png,3.746497e-03,8.544165e-06,2.791409e-09,6.698710e-11,-8.725196e-21,-1.622142e-13,-2.762135e-20
cell_0437.png,3.719816e-03,6.518113e-06,2.021942e-09,5.330270e-10,5.477107e-19,1.206631e-12,7.887247e-20
cell_0351.png,6.035835e-03,2.839070e-05,3.245020e-10,5.932455e-10,2.260025e-19,1.667707e-12,1.291304e-19
cell_0379.png,2.914374e-03,4.819351e-06,7.905480e-10,4.540627e-11,3.804361e-21,5.632121e-14,-7.715849e-21
cell_0386.png,2.687397e-03,3.302080e-06,2.356207e-09,7.292634e-10,7.867051e-19,2.849577e-14,5.430727e-19
cell_0392.png,4.465316e-03,1.223694e-05,3.428288e-08,1.041051e-08,1.960203e-16,3.640338e-11,1.601984e-17
cell_0147.png,2.629981e-03,4.102593e-06,7.187030e-09,1.921666e-09,7.139316e-18,2.778635e-12,1.780822e-19
cell_0153.png,3.981401e-03,1.142584e-05,2.018139e-10,1.478459e-10,2.036054e-20,-2.412727e-13,-1.541575e-20
cell_0184.png,3.690178e-03,7.944962e-06,8.099151e-09,6.533613e-10,-3.268146e-19,4.621556e-14,1.467006e-18
cell_0190.png,4.535169e-03,1.261350e-05,9.695602e-09,1.731325e-11,1.874146e-21,-6.043572e-14,6.841355e-21
cell_0033.png,2.821485e-03,5.059461e-06,1.863565e-10,3.020991e-11,1.764141e-22,4.329288e-14,2.259837e-21
cell_0027.png,2.965811e-03,4.302227e-06,7.158196e-10,6.932346e-10,-3.900044e-19,1.395295e-12,-2.938917e-19
cell_0231.png,3.797929e-03,9.208735e-06,2.625664e-09,1.852646e-10,8.794828e-20,6.552809e-14,9.466388e-20
cell_0557.png,2.920508e-03,5.878026e-06,6.778516e-09,1.575031e-09,5.144551e-18,3.585211e-12,-1.367469e-19
cell_0543.png,2.657502e-03,5.627465e-06,2.337603e-09,3.198983e-10,2.036517e-19,2.882607e-13,1.872205e-19
cell_0225.png,2.897679e-03,4.272777e-06,1.115535e-10,8.639818e-10,8.852892e-20,1.771264e-12,-2.531936e-19
cell_0219.png,4.888458e-03,1.491089e-05,2.218918e-08,1.232011e-08,2.034068e-16,3.566321e-11,-1.093822e-17
cell_0218.png,4.013780e-03,1.048977e-05,3.965629e-09,4.394942e-10,1.046125e-19,2.547865e-13,-5.707020e-19
cell_0542.png,2.772083e-03,5.602579e-06,6.719465e-09,3.341119e-09,1.568064e-17,7.843055e-12,-2.175892e-18
cell_0224.png,4.295098e-03,1.197611e-05,1.771452e-08,7.919315e-09,9.140776e-17,2.110968e-11,2.104248e-17
cell_0230.png,3.853435e-03,9.570340e-06,4.295759e-09,1.807874e-09,4.953089e-18,5.067511e-12,-9.219547e-19
cell_0556.png,2.255236e-03,2.391104e-06,6.778586e-09,1.237312e-09,2.587566e-18,1.707550e-12,-2.478879e-18
cell_0026.png,3.344585e-03,7.518284e-06,1.887191e-09,5.483278e-10,5.264578e-19,1.420487e-12,1.843052e-19
cell_0032.png,2.954783e-03,5.624357e-06,5.407828e-11,2.636109e-10,-2.491249e-20,6.250600e-13,-1.923542e-20
cell_0191.png,4.301830e-03,1.346233e-05,2.579433e-09,6.488116e-12,8.393432e-22,-1.139602e-14,1.257571e-24
cell_0185.png,4.347602e-03,1.002405e-05,1.551012e-08,1.872045e-10,-9.439738e-20,-5.926607e-13,-3.047066e-19
cell_0152.png,3.569471e-03,5.405827e-06,1.493782e-08,4.390817e-09,2.909498e-17,1.005750e-11,-2.044492e-17
cell_0146.png,3.877087e-03,1.234795e-05,2.876682e-08,2.274600e-08,5.807104e-16,7.957926e-11,-3.623571e-17
cell_0393.png,4.782918e-03,1.624258e-05,2.732660e-09,3.952306e-10,1.273711e-20,9.080918e-13,4.105439e-19
cell_0387.png,5.317096e-03,1.863614e-05,1.745171e-09,8.595925e-10,-7.450545e-19,3.608713e-12,-7.438701e-19
cell_0378.png,3.142667e-03,6.933707e-06,2.267849e-11,5.567798e-11,-1.790194e-21,-1.217522e-13,-8.423766e-22
cell_0436.png,5.071911e-03,1.764601e-05,6.224033e-09,9.328567e-10,4.480773e-19,1.445508e-12,2.202691e-18
cell_0350.png,4.898691e-03,1.693135e-05,5.543798e-09,3.500062e-09,1.461864e-17,1.234812e-11,-4.898818e-18
cell_0344.png,6.379604e-03,2.978458e-05,3.684052e-09,8.911470e-11,2.062283e-20,3.831848e-13,4.671077e-20
cell_0422.png,3.707890e-03,6.947590e-06,8.033678e-09,4.390666e-10,-1.799094e-19,-7.422829e-13,-8.047530e-19
cell_0352.png,1.681080e-02,2.486505e-04,2.110855e-07,3.640583e-07,1.009100e-13,5.704906e-09,-1.548985e-15
cell_0434.png,4.915204e-03,1.134596e-05,4.162597e-08,1.628908e-09,4.891373e-18,3.435163e-12,-1.248935e-17
cell_0420.png,4.379289e-03,1.173232e-05,1.535487e-08,1.019594e-08,1.243718e-16,3.425201e-11,-2.840641e-17
cell_0346.png,5.363151e-03,2.039300e-05,3.940202e-09,6.575539e-10,1.057005e-18,4.764298e-13,-5.463146e-20
cell_0408.png,4.258379e-03,1.203631e-05,5.497175e-09,6.206037e-09,3.479133e-17,2.010125e-11,-1.017472e-17
cell_0391.png,5.480133e-03,2.322025e-05,2.812208e-09,1.939984e-09,2.323008e-18,6.500153e-12,3.890517e-18
cell_0385.png,2.651508e-03,3.558947e-06,7.800660e-10,1.696862e-10,6.005031e-20,1.888819e-13,1.432613e-20
cell_0150.png,3.337035e-03,3.035271e-06,2.299990e-08,6.315144e-10,1.816558e-18,-4.398024e-13,1.578842e-18
cell_0144.png,4.557332e-03,1.297511e-05,4.968915e-08,2.626582e-08,9.350881e-16,8.615526e-11,-1.612697e-16
cell_0178.png,3.865004e-03,8.651256e-06,3.346164e-09,5.100494e-10,-5.153397e-19,1.414721e-12,4.224051e-19
cell_0193.png,4.527790e-03,1.610446e-05,4.870940e-09,6.554440e-10,4.935323e-19,1.245920e-12,1.062074e-18
cell_0187.png,4.233969e-03,1.153272e-05,1.838868e-09,2.506582e-10,1.603393e-19,-4.007394e-13,-5.701895e-20
cell_0024.png,2.616569e-03,3.062776e-06,1.356692e-09,1.906312e-11,4.845110e-22,1.739841e-14,3.027185e-21
cell_0030.png,2.484649e-03,2.674659e-06,2.345826e-09,2.077877e-10,1.186963e-19,3.181484e-13,-8.340567e-20
cell_0018.png,2.926007e-03,4.625097e-06,1.415085e-10,3.718322e-10,4.296479e-20,6.676767e-13,-7.368082e-20
cell_0226.png,3.151616e-03,4.548402e-06,1.904971e-09,7.467221e-10,1.427468e-19,1.143265e-12,-8.790858e-19
cell_0540.png,3.222231e-03,4.758274e-06,2.188077e-08,5.185298e-09,4.970434e-17,1.114166e-11,-2.408459e-17
cell_0554.png,2.587004e-03,4.691425e-06,3.609253e-09,1.009708e-09,1.865249e-18,2.181984e-12,-4.860387e-19
cell_0232.png,3.744645e-03,9.746690e-06,2.278084e-09,1.994411e-09,4.024248e-18,4.728225e-12,-1.370301e-18
cell_0555.png,2.079560e-03,2.845114e-06,1.789768e-09,4.309613e-10,3.665900e-19,7.169218e-13,-9.416669e-20
cell_0233.png,4.238397e-03,1.115934e-05,3.212389e-09,5.198085e-09,1.733692e-17,1.504193e-11,-1.227273e-17
cell_0227.png,4.018665e-03,1.185638e-05,1.793882e-09,3.641366e-10,2.257194e-19,5.606165e-14,1.888504e-19
cell_0541.png,2.578907e-03,5.833411e-06,5.390479e-10,4.659857e-11,8.663357e-22,-1.245677e-14,7.334388e-21
cell_0019.png,2.872960e-03,5.690944e-06,1.917873e-09,1.390337e-09,2.219210e-18,3.301515e-12,-4.790853e-19
cell_0031.png,3.432422e-03,8.498131e-06,5.065710e-10,1.587071e-10,2.424712e-20,2.842178e-13,3.790905e-20
cell_0025.png,2.876336e-03,5.234062e-06,5.206324e-10,2.520794e-11,2.407857e-21,5.605303e-14,1.594299e-21
cell_0186.png,3.316951e-03,5.571283e-06,1.007765e-08,1.513561e-09,5.460406e-18,3.271630e-12,2.264265e-18
cell_0192.png,4.147718e-03,1.247818e-05,7.778258e-10,2.480493e-10,-3.674932e-20,6.937611e-13,1.025706e-19
cell_0179.png,3.996984e-03,1.019255e-05,2.214719e-09,4.531675e-10,-3.230485e-19,1.354062e-12,-3.189790e-19
cell_0145.png,5.288157e-03,1.259272e-05,6.280842e-08,3.261950e-08,1.317566e-15,1.146519e-10,-6.663243e-16
cell_0151.png,3.927745e-03,1.087494e-05,4.407577e-08,2.970499e-08,1.072619e-15,9.077881e-11,-6.907065e-17
cell_0384.png,3.398194e-03,6.358864e-06,2.340389e-09,2.408880e-10,1.802814e-19,4.807676e-14,-1.458027e-20
cell_0390.png,2.435508e-03,3.481836e-06,7.573197e-10,1.103660e-10,3.088725e-20,1.521196e-13,-8.004049e-21
cell_0409.png,3.040144e-03,5.925168e-06,7.138366e-11,9.223635e-10,-3.353980e-20,2.238205e-12,-2.342865e-19
cell_0421.png,4.348760e-03,1.103206e-05,4.146504e-09,8.973803e-11,3.228873e-20,2.187315e-13,-4.420317e-20
cell_0347.png,7.270958e-03,4.177390e-05,4.131324e-08,1.274207e-08,2.541381e-16,6.804148e-11,1.445093e-16
cell_0353.png,7.112511e-03,2.883065e-05,2.900242e-08,1.266654e-08,1.874099e-16,6.596073e-11,1.543282e-16
cell_0435.png,7.304876e-03,4.098349e-05,3.605338e-08,5.594618e-08,2.479840e-15,3.579337e-10,-4.046057e-16
cell_0419.png,4.014516e-03,9.544934e-06,4.350721e-09,8.049892e-10,1.408691e-18,7.136425e-13,5.339427e-19
cell_0431.png,4.606975e-03,1.444639e-05,4.216837e-09,6.683666e-10,1.094543e-18,3.531935e-13,2.469647e-19
cell_0357.png,3.311220e-03,7.278630e-06,2.347783e-09,3.922684e-10,1.171049e-19,6.040427e-13,3.577694e-19
cell_0343.png,8.687026e-03,5.860018e-05,3.750098e-07,4.078862e-07,1.592071e-13,3.097910e-09,-1.007179e-14
cell_0425.png,2.641253e-03,3.796588e-06,2.348179e-10,2.529089e-11,-1.941160e-21,4.112348e-14,-1.746406e-22
cell_0394.png,3.351041e-03,6.565430e-06,1.238576e-09,2.107592e-10,4.784392e-20,3.602273e-13,-9.646899e-20
cell_0380.png,2.988973e-03,5.251101e-06,3.696080e-09,1.939586e-10,1.064072e-19,3.094232e-13,-1.250868e-19
cell_0169.png,4.118087e-03,1.110499e-05,1.760034e-09,1.037091e-09,-5.461650e-19,3.079645e-12,1.290325e-18
cell_0155.png,3.330977e-03,6.668875e-06,9.818021e-09,2.159566e-09,9.943660e-18,5.562056e-12,8.400832e-20
cell_0141.png,3.650633e-03,8.129006e-06,1.399937e-08,6.013811e-09,5.021128e-17,1.690275e-11,-2.288276e-17
cell_0196.png,3.719812e-03,1.023008e-05,2.869182e-10,1.715285e-10,2.186245e-20,3.610911e-13,-3.114528e-20
cell_0182.png,3.762021e-03,8.340128e-06,7.031108e-09,4.698913e-10,6.868610e-19,1.136466e-12,5.076476e-19
cell_0009.png,2.462585e-03,2.406958e-06,6.149831e-10,1.078870e-10,-1.542882e-20,1.507373e-13,-2.311327e-20
cell_0021.png,2.338865e-03,2.218712e-06,3.502679e-10,9.326126e-11,-6.984869e-21,1.036958e-13,-1.534057e-20
cell_0035.png,3.931668e-03,1.183498e-05,1.708205e-09,2.315329e-10,-1.392907e-19,-6.905298e-13,4.242850e-20
cell_0545.png,2.504382e-03,3.943889e-06,4.216094e-09,5.813715e-10,9.063867e-19,1.064006e-12,-8.320580e-20
cell_0223.png,3.154827e-03,5.901129e-06,5.130518e-10,4.824002e-12,2.332579e-22,-1.008676e-15,-5.644108e-23
cell_0237.png,3.123003e-03,3.299120e-06,1.163626e-09,1.406429e-10,4.733560e-20,-8.132677e-14,3.156768e-20
cell_0551.png,2.103164e-03,2.290638e-06,2.809807e-09,4.485797e-11,1.395855e-20,3.660749e-14,7.667191e-21
cell_0236.png,3.247444e-03,6.588969e-06,2.161173e-09,3.044704e-10,1.441378e-19,-1.081267e-13,2.005581e-19
cell_0550.png,2.793319e-03,4.720989e-06,6.875281e-09,6.034818e-10,1.120651e-18,8.654523e-13,5.051792e-19
cell_0544.png,1.912730e-03,2.159979e-06,1.721254e-09,3.413682e-10,1.344446e-19,3.941965e-13,-2.244924e-19
cell_0222.png,2.658644e-03,4.753232e-06,2.308182e-09,8.093952e-10,1.105211e-18,1.584443e-12,-4.925564e-20
cell_0034.png,2.881002e-03,5.225705e-06,1.582024e-10,3.021095e-10,6.579221e-20,6.544910e-13,-5.795657e-21
cell_0020.png,2.718830e-03,4.834975e-06,4.815375e-10,2.735459e-11,-2.264702e-22,1.120882e-14,-3.131320e-21
cell_0008.png,2.711919e-03,3.487795e-06,1.802111e-09,2.231590e-10,1.212778e-19,2.353526e-13,-7.293227e-20
cell_0183.png,3.958411e-03,1.071820e-05,1.629188e-08,6.271984e-09,6.334776e-17,2.050795e-11,2.586733e-18
cell_0197.png,3.640111e-03,9.031715e-06,5.659283e-09,5.486069e-10,-4.512830e-19,-2.399616e-13,8.548509e-19
cell_0140.png,4.806275e-03,1.836284e-05,4.261154e-08,2.801225e-08,9.656932e-16,1.189218e-10,-6.382015e-17
cell_0154.png,3.598333e-03,9.440916e-06,5.315636e-10,5.852642e-10,2.622642e-19,1.156451e-12,-1.943750e-19
cell_0168.png,3.351892e-03,6.893545e-06,9.282661e-09,2.202059e-09,9.846178e-18,5.678450e-12,1.473862e-18
cell_0381.png,3.278351e-03,6.331018e-06,4.062444e-09,5.138439e-11,1.948407e-20,1.190461e-13,1.309715e-20
cell_0395.png,3.601844e-03,7.942523e-06,6.528623e-09,2.945436e-10,4.064170e-19,8.265995e-13,-4.066654e-20
cell_0342.png,6.816119e-03,3.263788e-05,2.412895e-08,2.189054e-08,4.828724e-16,1.156578e-10,-1.412205e-16
cell_0424.png,4.284210e-03,1.014329e-05,3.900468e-10,4.349579e-10,-1.165713e-19,1.380617e-12,-1.360429e-19
cell_0430.png,4.949272e-03,1.421758e-05,1.108777e-08,8.777031e-10,2.695871e-18,3.216850e-12,-4.788236e-19
cell_0356.png,5.659559e-03,2.621565e-05,2.548726e-09,2.967560e-10,2.527821e-19,2.403180e-13,-5.204323e-20
cell_0418.png,5.245485e-03,1.662528e-05,2.319013e-08,1.394997e-08,2.480784e-16,5.248424e-11,-3.756392e-17
cell_0368.png,2.763151e-03,4.643636e-06,1.902617e-09,5.090838e-10,5.008111e-19,8.903761e-13,-1.464516e-20
cell_0426.png,5.080540e-03,1.147017e-05,5.406821e-08,3.239321e-09,2.401877e-17,7.142275e-12,3.550947e-17
cell_0340.png,7.761029e-03,5.142754e-05,8.653231e-09,2.410156e-08,3.345963e-16,1.690035e-10,-9.587773e-17
cell_0354.png,4.422747e-03,1.416042e-05,4.040971e-09,3.223988e-10,-3.370679e-19,-1.137919e-12,-1.476481e-19
cell_0432.png,4.140402e-03,1.193759e-05,3.693096e-09,1.386808e-10,-6.894448e-20,-1.273003e-13,-7.139141e-20
cell_0383.png,3.140800e-03,6.532957e-06,3.391347e-10,3.548423e-11,1.673361e-21,5.165535e-14,3.514564e-21
cell_0397.png,3.340828e-03,7.224929e-06,4.954342e-10,2.620515e-10,-7.214226e-20,6.977245e-13,-6.091797e-20
cell_0142.png,2.894321e-03,4.395953e-06,9.168398e-09,3.357162e-09,1.733902e-17,6.520162e-12,-6.801690e-18
cell_0156.png,3.589231e-03,8.600734e-06,4.427892e-09,5.774211e-10,7.702439e-19,1.481144e-12,5.091030e-19
cell_0181.png,3.945784e-03,1.164606e-05,9.578562e-10,1.367506e-09,1.504447e-18,4.362885e-12,-4.315085e-19
cell_0195.png,3.345951e-03,6.016559e-06,1.227185e-08,2.238318e-09,1.015849e-17,4.575539e-12,5.867118e-18
cell_0036.png,3.302068e-03,6.217401e-06,9.351732e-10,2.416878e-10,1.140347e-19,4.952954e-13,-1.409220e-20
cell_0022.png,2.447261e-03,2.136192e-06,4.952723e-10,1.918096e-10,1.040180e-20,2.794172e-13,-5.819677e-20
cell_0208.png,3.036529e-03,5.249062e-06,2.546368e-09,8.307810e-10,1.205103e-18,1.558092e-12,-8.843425e-20
cell_0552.png,2.714727e-03,4.326694e-06,8.325513e-09,1.310137e-09,4.142441e-18,2.724862e-12,-1.250024e-18
cell_0234.png,3.388833e-03,5.924694e-06,4.390146e-09,3.880630e-10,2.542703e-19,-5.380518e-13,4.380693e-19
cell_0220.png,3.888407e-03,8.120894e-06,3.688373e-09,1.867127e-09,4.163690e-18,2.888283e-12,-2.582968e-18
cell_0546.png,2.487189e-03,3.960956e-06,2.793338e-09,9.788592e-11,2.170681e-20,-7.253164e-15,4.635419e-20
cell_0221.png,2.896256e-03,4.803502e-06,1.060928e-09,9.717493e-11,2.482785e-20,-4.690592e-14,1.889725e-20
cell_0547.png,1.910003e-03,2.029117e-06,1.514449e-09,4.421770e-11,2.464440e-21,-4.587453e-15,1.117397e-20
cell_0553.png,2.043891e-03,2.187960e-06,2.885335e-09,6.952709e-11,-3.069538e-20,-1.028427e-13,-5.247875e-21
cell_0235.png,4.273603e-03,1.403485e-05,6.367288e-09,3.153975e-09,1.413246e-17,9.744641e-12,-2.074279e-19
cell_0209.png,4.222739e-03,1.305105e-05,7.525372e-09,7.377132e-10,1.259436e-18,2.151321e-12,-1.197956e-18
cell_0023.png,2.252759e-03,2.129041e-06,6.630827e-10,9.678479e-11,2.166652e-20,-4.934057e-14,-1.147695e-20
cell_0037.png,3.143051e-03,6.859350e-06,1.993701e-10,3.078404e-10,5.186779e-20,8.053805e-13,-5.590976e-20
cell_0194.png,3.755511e-03,8.761718e-06,1.475246e-08,3.188851e-09,2.082140e-17,8.664727e-12,6.696489e-18
cell_0180.png,3.428425e-03,7.831562e-06,2.476362e-09,7.689124e-10,1.055067e-18,2.102968e-12,-1.122107e-19
cell_0157.png,3.447647e-03,9.247727e-06,1.662133e-09,8.820574e-11,-3.088053e-20,-2.568330e-13,-1.367673e-20
cell_0143.png,2.544561e-03,2.648076e-06,5.000247e-09,1.076064e-09,1.602440e-18,1.560276e-12,-1.913752e-18
cell_0396.png,2.902215e-03,4.969836e-06,4.957466e-10,3.417308e-10,7.884041e-20,7.581702e-13,-1.164822e-19
cell_0382.png,2.428316e-03,3.628955e-06,2.583314e-11,4.786793e-11,1.682861e-21,1.079134e-14,3.743653e-23
cell_0355.png,4.435580e-03,1.471181e-05,1.155397e-09,3.144856e-09,5.562622e-18,1.021227e-11,2.234624e-18
cell_0433.png,6.646478e-03,3.029924e-05,6.017770e-09,5.161305e-09,-2.029937e-17,2.451717e-11,2.037972e-17
cell_0427.png,4.504618e-03,1.537108e-05,2.435065e-09,1.146379e-10,-5.610055e-20,-3.802305e-13,-2.283157e-20
cell_0341.png,5.066934e-03,1.932515e-05,1.392350e-08,7.732207e-09,8.014272e-17,2.754782e-11,3.711851e-18
cell_0369.png,2.083097e-03,2.057327e-06,2.264918e-11,4.244232e-11,-8.928851e-22,2.352934e-14,-9.666256e-22
cell_0440.png,3.163558e-03,3.045969e-06,3.380159e-09,4.583330e-10,5.342686e-20,7.555290e-13,-5.679725e-19
cell_0326.png,6.079247e-03,2.630822e-05,1.045689e-08,2.069701e-09,-1.379225e-18,-6.901164e-13,9.529292e-18
cell_0332.png,4.419768e-03,1.059697e-05,6.971429e-09,8.682929e-10,2.135694e-18,2.101647e-12,-5.048497e-20
cell_0454.png,4.558933e-03,1.268033e-05,4.285650e-09,2.561321e-10,-2.591785e-19,-8.178004e-13,-6.956366e-20
cell_0468.png,5.585053e-03,2.376295e-05,1.130495e-08,2.145995e-09,7.800591e-18,8.492095e-12,7.132803e-18
cell_0483.png,4.984280e-03,1.704218e-05,1.379351e-08,9.423855e-10,3.395780e-18,3.869199e-12,-1.130873e-19
cell_0497.png,5.750617e-03,2.528803e-05,2.126153e-08,5.868135e-09,5.645278e-17,2.557290e-11,3.330745e-17
cell_0124.png,4.847818e-03,1.705598e-05,5.190839e-08,3.164844e-08,1.277686e-15,1.302679e-10,-1.140349e-16
cell_0130.png,4.177792e-03,6.944729e-06,5.872769e-08,1.630020e-08,5.017313e-16,3.787079e-11,-5.108548e-17
cell_0118.png,3.312941e-03,7.107847e-06,9.585404e-09,4.388703e-09,2.749812e-17,1.155384e-11,-7.355496e-18
cell_0050.png,3.646629e-03,9.748311e-06,5.204172e-10,7.096346e-10,3.632812e-19,2.157782e-12,-2.323841e-19
cell_0044.png,3.119570e-03,5.696224e-06,7.588414e-10,3.986608e-10,-1.433447e-19,9.151262e-13,-1.659276e-19
cell_0078.png,5.672431e-03,2.922962e-05,4.054401e-08,3.055571e-08,1.072457e-15,1.651768e-10,-8.056775e-17
cell_0093.png,4.232025e-03,1.643777e-05,1.074083e-09,3.778765e-10,2.234564e-19,1.375441e-12,-8.956462e-20
cell_0087.png,2.953827e-03,7.790673e-06,1.367646e-09,7.237109e-10,7.195866e-19,1.997650e-12,-2.449172e-20
cell_0534.png,2.975956e-03,6.910991e-06,1.523724e-09,7.544557e-11,2.232403e-20,1.122365e-13,1.248934e-20
cell_0252.png,3.979464e-03,9.154120e-06,4.337585e-09,8.017664e-10,1.340854e-18,-1.482956e-13,6.615869e-19
cell_0246.png,3.841859e-03,8.238313e-06,3.230041e-09,2.407129e-10,1.321808e-19,4.348131e-13,-1.660706e-19
cell_0520.png,3.127837e-03,6.227909e-06,9.304291e-09,5.840866e-10,1.358392e-18,1.422786e-12,9.377946e-20
cell_0508.png,5.065340e-03,1.896879e-05,1.749300e-08,4.686425e-09,4.048801e-17,1.987391e-11,1.269669e-17
cell_0291.png,4.582229e-03,8.735276e-06,1.680902e-08,3.505655e-08,7.938655e-16,1.006907e-10,-3.065338e-16
cell_0285.png,6.356096e-03,1.780703e-05,4.099782e-08,7.154260e-09,1.220297e-16,2.456545e-11,1.101446e-17
cell_0284.png,4.509804e-03,1.564398e-05,7.397042e-09,1.758637e-09,6.327533e-18,6.823022e-12,-4.424344e-19
cell_0290.png,5.473426e-03,1.238191e-05,9.732198e-09,1.107166e-08,6.946108e-17,3.678979e-11,-9.156165e-17
cell_0509.png,3.413490e-03,6.005353e-06,1.235788e-08,1.666370e-09,7.358244e-18,3.911376e-12,-1.743025e-18
cell_0247.png,3.600674e-03,6.030253e-06,4.078909e-09,3.258932e-10,-6.847842e-20,-1.269491e-13,-3.694450e-19
cell_0521.png,3.250242e-03,8.742528e-06,4.527345e-09,1.220049e-09,2.767515e-18,3.124251e-12,7.502204e-19
cell_0535.png,1.991737e-03,2.187468e-06,2.306147e-09,6.417598e-11,-1.702099e-20,-8.167407e-14,1.788378e-20
cell_0253.png,5.474192e-03,1.754804e-05,2.891922e-08,1.207754e-08,2.230381e-16,5.046254e-11,-3.466119e-17
cell_0086.png,2.845689e-03,7.261523e-06,2.115045e-09,1.397792e-09,2.395456e-18,3.766194e-12,-1.950748e-19
cell_0092.png,3.615393e-03,1.157928e-05,2.882499e-10,8.031224e-11,9.761915e-21,2.256293e-13,-7.350086e-21
cell_0079.png,3.477635e-03,8.652036e-06,1.793364e-08,1.019799e-08,1.367216e-16,2.995436e-11,-1.809001e-17
cell_0045.png,2.726427e-03,5.308536e-06,1.594500e-10,1.257433e-11,4.582784e-22,1.574962e-14,-3.271012e-22
cell_0051.png,5.113648e-03,1.804961e-05,9.984490e-08,4.858602e-08,3.332186e-15,1.098152e-10,5.898903e-16
cell_0119.png,3.897216e-03,9.891356e-06,3.094082e-08,1.700122e-08,3.833367e-16,5.346958e-11,-7.140017e-17
cell_0131.png,3.177045e-03,5.553811e-06,1.658351e-08,6.896309e-09,7.283496e-17,1.385404e-11,-1.158281e-17
cell_0125.png,4.972628e-03,1.573349e-05,6.143051e-08,3.627442e-08,1.668483e-15,1.437275e-10,-3.851099e-16
cell_0496.png,6.274597e-03,3.033090e-05,3.282974e-08,6.006453e-09,4.902548e-17,1.928489e-11,6.863402e-17
cell_0482.png,5.461842e-03,2.271302e-05,1.587489e-08,2.483596e-09,1.483969e-17,1.153658e-11,4.793542e-18
cell_0469.png,4.587289e-03,1.302197e-05,1.717538e-08,1.851658e-09,1.034659e-17,6.520674e-12,-1.410243e-18
cell_0333.png,3.724809e-03,9.751231e-06,1.973271e-10,5.585430e-11,5.736308e-21,1.363899e-13,1.216048e-21
cell_0455.png,3.567906e-03,7.522977e-06,5.315692e-09,9.995206e-10,2.259534e-18,2.642823e-12,-4.500640e-19
cell_0441.png,5.030270e-03,1.217896e-05,1.017237e-08,3.552141e-09,2.120244e-17,1.016418e-11,-2.526096e-18
cell_0327.png,6.218508e-03,3.112155e-05,2.534070e-09,1.027533e-09,1.630848e-18,5.643232e-12,-2.992156e-19
cell_0457.png,4.014153e-03,6.521972e-06,1.949801e-08,1.517452e-09,4.712510e-18,2.705674e-12,6.776562e-18
cell_0331.png,4.365100e-03,1.321080e-05,1.021144e-09,8.842895e-12,-7.640185e-22,-2.777918e-14,3.498318e-22
cell_0325.png,4.546262e-03,1.070014e-05,1.294834e-08,1.760866e-09,3.945543e-18,3.512875e-12,7.424851e-18
cell_0443.png,6.047685e-03,3.062653e-05,1.032715e-08,2.257093e-09,9.171888e-18,-1.560865e-12,-5.884312e-18
cell_0319.png,3.274072e-03,4.497509e-06,9.133769e-09,3.721606e-10,3.765963e-20,3.316687e-13,-6.851181e-19
cell_0494.png,4.410059e-03,1.309249e-05,1.545808e-08,3.601860e-09,2.558347e-17,1.206210e-11,8.235094e-18
cell_0480.png,4.063768e-03,1.085017e-05,1.636507e-09,3.997352e-11,-5.657815e-21,-1.186599e-13,-8.515733e-21
cell_0133.png,3.851143e-03,4.944844e-06,3.471250e-08,1.210849e-08,2.055019e-16,2.628989e-11,-1.392620e-16
cell_0127.png,3.316724e-03,4.669821e-06,2.278166e-08,9.545250e-09,1.314180e-16,1.830759e-11,-5.042013e-17
cell_0047.png,3.540757e-03,8.854277e-06,9.529942e-11,2.276317e-10,2.212374e-20,5.411079e-13,2.519122e-20
cell_0053.png,3.821920e-03,1.347850e-05,7.963795e-09,6.127246e-09,4.273032e-17,2.223197e-11,-2.465699e-18
cell_0084.png,3.626963e-03,1.243023e-05,8.467701e-10,6.215176e-10,4.507576e-19,2.180898e-12,-1.059141e-20
cell_0090.png,1.761061e-03,2.098155e-06,8.605603e-10,2.293214e-10,1.014449e-19,3.213631e-13,-9.326164e-21
cell_0523.png,2.990284e-03,6.007422e-06,1.541422e-08,5.284617e-09,4.754273e-17,1.295242e-11,-3.819385e-18
cell_0245.png,3.313230e-03,5.355628e-06,3.186331e-09,2.923068e-10,-2.456931e-20,-3.239562e-13,-2.810285e-19
cell_0251.png,4.014314e-03,9.829151e-06,3.379630e-09,1.047618e-09,1.971077e-18,3.189476e-12,2.528455e-20
cell_0537.png,4.171490e-03,1.224979e-05,1.800100e-08,5.624919e-09,5.385296e-17,1.933794e-11,-1.742157e-17
cell_0279.png,5.130302e-03,9.753498e-06,5.280309e-08,3.894930e-08,1.246078e-15,1.204335e-10,1.251926e-15
cell_0286.png,6.113551e-03,7.505632e-06,7.761220e-08,1.506447e-08,3.671210e-16,1.477921e-11,-3.613243e-16
cell_0292.png,5.548732e-03,8.742219e-06,2.758932e-09,1.649355e-08,-1.003085e-16,3.782689e-11,-4.813670e-17
cell_0293.png,4.383526e-03,2.070300e-06,1.675879e-08,4.986903e-09,1.055258e-17,-5.427062e-12,-4.435169e-17
cell_0287.png,4.855047e-03,1.699982e-05,2.269381e-08,1.357319e-08,2.184478e-16,5.578774e-11,9.502092e-17
cell_0278.png,4.751059e-03,1.529779e-05,1.313307e-08,9.289574e-09,1.013560e-16,1.715940e-11,-1.597364e-17
cell_0250.png,4.094374e-03,1.188079e-05,2.445599e-09,1.163640e-09,1.962992e-18,2.274215e-12,-6.228982e-21
cell_0536.png,3.381865e-03,6.226907e-06,9.797674e-09,3.468238e-10,4.817434e-19,3.314581e-13,4.203160e-19
cell_0522.png,3.016308e-03,7.476580e-06,4.961344e-09,1.247984e-09,2.524295e-18,2.035937e-12,1.808658e-18
cell_0244.png,3.447821e-03,8.595310e-06,4.778485e-09,9.810683e-10,2.115684e-18,2.875998e-12,-1.899445e-19
cell_0091.png,2.904866e-03,7.463970e-06,1.112074e-09,3.846680e-10,2.515731e-19,1.032194e-12,-3.038489e-21
cell_0085.png,2.389961e-03,4.216036e-06,2.815457e-09,1.201052e-09,2.197864e-18,2.412600e-12,-2.175001e-19
cell_0052.png,4.493391e-03,1.786627e-05,5.974867e-09,2.496491e-09,9.635454e-18,1.050788e-11,-3.503664e-19
cell_0046.png,2.737923e-03,4.508015e-06,1.449365e-10,5.956048e-11,-3.809722e-21,-1.249995e-13,-4.013644e-21
cell_0126.png,2.533064e-03,3.353945e-06,7.400818e-09,1.758016e-09,6.279134e-18,2.608328e-12,-8.853002e-19
cell_0132.png,3.784604e-03,1.027109e-05,1.671905e-08,9.315286e-09,1.147668e-16,2.903488e-11,-1.852271e-17
cell_0481.png,5.195404e-03,1.761816e-05,1.119259e-08,2.173020e-10,3.373853e-19,9.021883e-13,3.191616e-20
cell_0495.png,6.190545e-03,2.241220e-05,4.446864e-08,5.751799e-09,9.055644e-17,2.703458e-11,1.616705e-17
cell_0318.png,5.372909e-03,1.862647e-05,2.239308e-08,9.374965e-10,-4.261495e-18,-2.639632e-12,-5.392467e-19
cell_0324.png,7.115095e-03,3.689769e-05,7.087730e-08,1.426145e-08,4.054887e-16,7.342527e-11,2.028964e-16
cell_0442.png,4.604799e-03,1.645276e-05,6.719352e-09,5.385715e-09,3.204331e-17,2.090627e-11,-4.786221e-18
cell_0456.png,5.381444e-03,2.030548e-05,4.763893e-09,1.686613e-08,1.394251e-16,7.483207e-11,-5.845579e-17
cell_0330.png,5.746440e-03,2.709885e-05,6.255109e-10,5.397225e-11,-6.316594e-21,-3.055449e-14,7.644887e-21
cell_0308.png,4.494518e-03,1.184277e-05,2.664860e-09,9.479865e-10,3.233127e-19,2.297601e-12,-1.471651e-18
cell_0334.png,5.331314e-03,2.069851e-05,1.067322e-08,4.010431e-10,-7.789976e-19,-9.503866e-13,2.856693e-19
cell_0452.png,3.831662e-03,9.312038e-06,1.538453e-09,8.229205e-11,-2.811582e-20,2.507034e-13,-8.176206e-21
cell_0446.png,5.190411e-03,2.108498e-05,6.812785e-10,2.652710e-09,3.533983e-18,1.153277e-11,-4.777522e-19
cell_0320.png,3.212412e-03,7.041476e-06,1.414886e-09,3.288749e-09,7.093881e-18,8.412448e-12,-7.302627e-20
cell_0491.png,3.738338e-03,7.515561e-06,1.939450e-09,1.746908e-09,1.353765e-18,4.787273e-12,-2.916601e-18
cell_0485.png,4.818518e-03,1.345660e-05,5.418117e-08,1.448856e-08,4.023688e-16,5.250437e-11,-5.372901e-17
cell_0136.png,3.278068e-03,3.622211e-06,2.993981e-08,7.942396e-09,1.223656e-16,1.056778e-11,5.204172e-18
cell_0122.png,3.404134e-03,6.165569e-06,1.962148e-08,9.432075e-09,1.225773e-16,2.194701e-11,-3.794052e-17
cell_0042.png,2.882197e-03,4.615496e-06,1.528361e-09,7.001560e-10,5.681839e-19,1.503227e-12,-4.491609e-19
cell_0056.png,4.621177e-03,1.804885e-05,1.368942e-08,7.179011e-09,6.994002e-17,2.994164e-11,-1.316757e-17
cell_0081.png,2.544693e-03,5.610579e-06,1.603912e-09,9.195866e-10,1.116608e-18,2.031666e-12,2.122612e-20
cell_0095.png,3.398838e-03,1.052663e-05,8.734821e-10,3.953728e-10,2.312288e-19,1.274274e-12,-2.276814e-20
cell_0268.png,6.108984e-03,4.226869e-06,8.244581e-08,1.264822e-08,2.155027e-16,2.005512e-11,3.469611e-16
cell_0240.png,2.999122e-03,5.745993e-06,7.968272e-12,3.287842e-11,2.407324e-22,-4.260806e-14,-4.746055e-22
cell_0526.png,2.286823e-03,2.976431e-06,4.290317e-09,2.515733e-10,1.962035e-19,2.225921e-13,1.726672e-19
cell_0532.png,2.258008e-03,3.085317e-06,5.142681e-09,9.338951e-10,1.999206e-18,1.090190e-12,4.380892e-19
cell_0254.png,3.945220e-03,9.960589e-06,1.310146e-08,3.179281e-09,2.042681e-17,9.995572e-12,-1.941375e-18
cell_0283.png,3.517067e-03,5.398469e-06,9.441833e-09,8.114753e-09,7.089266e-17,9.543393e-13,-4.413222e-18
cell_0297.png,3.514633e-03,2.846285e-06,2.351662e-09,7.212102e-09,-2.875357e-18,-1.517042e-12,-2.956213e-17
cell_0296.png,3.720514e-03,7.083427e-06,1.800901e-09,4.800704e-09,-2.096816e-18,1.276531e-11,1.395909e-17
cell_0282.png,4.354462e-03,1.140678e-05,3.478766e-08,9.504283e-09,1.339866e-16,9.590616e-13,1.091514e-16
cell_0533.png,2.221804e-03,1.296332e-06,8.367992e-09,8.633143e-11,5.673857e-20,1.446638e-14,4.652977e-20
cell_0255.png,7.539947e-03,1.500329e-05,1.307289e-07,2.297228e-08,1.084043e-15,8.560790e-11,6.400663e-16
cell_0241.png,3.125324e-03,5.388052e-06,3.433037e-10,2.069542e-10,-5.013800e-20,4.754091e-13,2.300381e-20
cell_0527.png,3.225129e-03,7.770845e-06,8.114704e-09,1.614874e-09,3.279909e-18,2.402761e-12,-4.838968e-18
cell_0269.png,7.343500e-03,4.552737e-06,6.212622e-08,6.806753e-08,-4.192177e-15,-1.106678e-10,-1.420697e-15
cell_0094.png,3.711413e-03,1.257633e-05,7.262847e-09,5.544567e-09,3.516525e-17,1.946731e-11,-1.172190e-18
cell_0080.png,2.580485e-03,5.660864e-06,2.141495e-09,1.240404e-09,2.013127e-18,2.927978e-12,-1.852965e-19
cell_0057.png,4.944808e-03,2.030667e-05,1.292851e-08,6.280322e-09,5.452678e-17,2.783593e-11,-1.514488e-17
cell_0043.png,2.854519e-03,5.138897e-06,9.881842e-11,3.297382e-10,2.085537e-20,7.417867e-13,-5.574805e-20
cell_0123.png,2.434269e-03,3.660602e-06,3.669108e-09,2.211487e-09,5.966177e-18,3.821799e-12,-2.022021e-18
cell_0137.png,3.665800e-03,9.750366e-06,2.818714e-08,1.773089e-08,3.952717e-16,5.277221e-11,-2.973620e-17
cell_0484.png,5.773292e-03,2.402639e-05,3.242408e-08,8.006981e-09,1.179487e-16,3.644101e-11,5.227550e-17
cell_0490.png,6.578984e-03,2.995902e-05,1.033627e-08,3.980188e-08,7.727096e-16,2.172926e-10,-2.337952e-16
cell_0447.png,4.131835e-03,8.940854e-06,5.532296e-09,4.164857e-10,-2.420484e-19,8.261458e-14,5.840260e-19
cell_0321.png,2.225823e-03,1.564099e-06,2.173087e-09,5.404763e-13,1.821107e-23,-1.922341e-16,-3.383211e-24
cell_0335.png,4.004865e-03,1.034989e-05,8.399745e-09,7.503164e-10,3.075258e-19,5.489327e-13,-1.858375e-18
cell_0453.png,4.733728e-03,1.484797e-05,4.988690e-10,7.668467e-12,-4.660050e-22,7.528472e-15,-8.833422e-23
cell_0309.png,3.981063e-03,1.015049e-05,4.828595e-09,6.588234e-10,-1.154576e-18,-1.756496e-12,2.185052e-19
cell_0479.png,4.937979e-03,1.278341e-05,6.124775e-08,1.332206e-08,3.696234e-16,4.560299e-11,9.050048e-17
cell_0323.png,4.687589e-03,1.580400e-05,6.962901e-09,2.921258e-10,-2.726157e-19,-1.563785e-13,-3.150569e-19
cell_0445.png,5.992232e-03,3.177840e-05,2.199959e-08,3.661558e-08,1.037815e-15,2.062447e-10,-5.396257e-17
cell_0451.png,3.190445e-03,6.025003e-06,4.492101e-10,6.438855e-10,1.440518e-19,1.580167e-12,-3.149041e-19
cell_0337.png,6.637323e-03,3.291373e-05,2.242607e-09,6.483319e-09,1.166212e-17,3.465217e-11,-2.179774e-17
cell_0486.png,3.674510e-03,8.207281e-06,4.944762e-09,5.808422e-10,6.641822e-19,1.336037e-12,7.265353e-19
cell_0492.png,4.654137e-03,1.341717e-05,9.867544e-09,2.688052e-09,1.352210e-17,9.821864e-12,2.967910e-18
cell_0109.png,2.805236e-03,5.751940e-06,7.250046e-09,3.236177e-09,1.566744e-17,6.562948e-12,4.995635e-19
cell_0121.png,3.015870e-03,3.617477e-06,1.826515e-08,4.704750e-09,4.315245e-17,6.593248e-12,-6.321761e-18
cell_0135.png,3.931247e-03,6.401860e-06,2.989836e-08,1.209474e-08,2.066931e-16,3.039033e-11,-1.008750e-16
cell_0069.png,2.786288e-03,6.988519e-06,1.293406e-09,8.137148e-10,8.308968e-19,2.150890e-12,-8.049895e-20
cell_0055.png,5.512745e-03,2.070147e-05,1.369259e-07,3.546061e-08,1.597796e-15,-3.020538e-11,1.884832e-15
cell_0041.png,2.873637e-03,5.758519e-06,2.117981e-10,5.613046e-10,1.550197e-19,1.158991e-12,1.158645e-19
cell_0096.png,4.801197e-03,2.144255e-05,2.720033e-08,2.226476e-08,5.477228e-16,1.030990e-10,-1.455528e-17
cell_0082.png,2.851198e-03,7.373313e-06,1.841780e-09,8.937938e-10,1.132476e-18,2.101956e-12,1.804772e-19
cell_0519.png,2.954536e-03,5.435634e-06,1.132513e-08,1.869458e-09,8.291837e-18,4.293270e-12,-2.288744e-18
cell_0257.png,5.636971e-03,5.298465e-06,1.012629e-08,1.036974e-09,2.219310e-18,4.105241e-13,-2.523140e-18
cell_0531.png,2.942745e-03,7.085176e-06,3.495577e-09,9.862947e-10,1.741932e-18,1.988602e-12,5.652321e-19
cell_0525.png,2.387781e-03,3.697973e-06,5.182127e-09,1.254573e-09,3.014660e-18,2.380830e-12,-1.069886e-18
cell_0243.png,4.049074e-03,1.103003e-05,3.142658e-09,2.688978e-10,-1.077146e-19,-8.294942e-13,2.224861e-19
cell_0294.png,4.387557e-03,1.133981e-05,1.261155e-07,1.334718e-07,1.729273e-14,4.229111e-10,9.132619e-16
cell_0280.png,9.451593e-03,4.987119e-05,1.290524e-08,4.802337e-07,3.388323e-14,3.387981e-09,1.676990e-14
cell_0281.png,4.364073e-03,9.941565e-06,3.413732e-08,8.179921e-09,4.924600e-17,-1.357694e-11,1.275113e-16
cell_0295.png,2.497220e-03,3.525048e-06,6.643553e-10,2.474445e-10,9.108948e-20,4.575347e-13,4.204960e-20
cell_0524.png,2.816386e-03,6.326825e-06,4.700708e-09,1.184209e-09,2.546558e-18,2.317645e-12,1.149523e-18
cell_0242.png,3.088417e-03,6.346446e-06,4.018469e-10,1.377111e-10,2.367317e-20,3.133970e-13,2.211438e-20
cell_0256.png,9.592797e-03,3.015074e-05,1.331012e-07,9.278170e-08,1.024927e-14,3.451094e-10,-1.123035e-15
cell_0530.png,2.386507e-03,4.367733e-06,2.449184e-09,7.527135e-10,1.018981e-18,1.486268e-12,7.862830e-20
cell_0518.png,3.459602e-03,8.862193e-06,2.867264e-08,1.755240e-08,3.937560e-16,4.991907e-11,-2.870162e-18
cell_0083.png,3.118024e-03,9.257531e-06,2.559154e-11,1.998816e-11,4.419757e-22,5.044185e-14,9.500764e-23
cell_0097.png,4.157773e-03,1.421635e-05,2.738871e-08,1.928632e-08,4.420841e-16,7.236172e-11,-3.228382e-17
cell_0040.png,3.026456e-03,6.285602e-06,5.123664e-10,8.999219e-11,1.714797e-20,1.953952e-13,-8.908703e-21
cell_0054.png,4.714412e-03,2.080994e-05,1.699224e-09,4.175904e-10,2.246222e-19,8.359717e-13,-2.707075e-19
cell_0068.png,3.367796e-03,9.919653e-06,2.998737e-10,2.223582e-11,-1.738118e-21,-6.072098e-14,5.251514e-22
cell_0134.png,4.403732e-03,1.057547e-05,4.426761e-08,3.325540e-08,1.197659e-15,1.032531e-10,-4.400909e-16
cell_0120.png,4.289495e-03,1.065389e-05,4.345661e-08,1.863990e-08,5.220519e-16,5.692270e-11,-9.435107e-17
cell_0108.png,3.436951e-03,8.371842e-06,1.831794e-08,9.225027e-09,1.196769e-16,2.379133e-11,-7.623817e-18
cell_0493.png,4.320751e-03,1.050304e-05,1.422895e-08,3.380082e-09,2.340355e-17,1.081371e-11,-1.325621e-18
cell_0487.png,4.233164e-03,1.173419e-05,1.885899e-08,2.665842e-09,1.772763e-17,8.445532e-12,6.559114e-18
cell_0450.png,3.650867e-03,7.539994e-06,9.337081e-10,3.719856e-12,8.477385e-23,-3.625585e-15,2.021732e-22
cell_0336.png,4.905054e-03,1.788488e-05,1.807213e-09,1.006714e-09,7.179613e-19,3.724627e-12,-1.152558e-18
cell_0322.png,4.132131e-03,8.887523e-06,2.204892e-08,2.103684e-09,8.173341e-18,4.729000e-12,-1.176724e-17
cell_0444.png,4.122168e-03,1.141956e-05,7.802223e-10,8.314636e-10,-4.386755e-19,2.748506e-12,-5.060128e-19
cell_0478.png,5.482553e-03,2.324604e-05,5.085826e-09,5.955551e-09,3.147680e-17,2.486267e-11,-9.138677e-18
