0,0,10,23,18,19,9,0
0,0,0,41,19,18,0,0
0,0,3,51,19,34,8,0
0,0,18,13,13,18,22,0
0,0,0,19,6,15,0,0
0,0,11,13,7,11,7,0
0,0,0,15,8,18,0,0
0,0,15,10,8,11,6,0
0,0,0,30,10,22,0,0
0,0,0,27,12,22,0,0
0,0,0,25,11,14,0,0
0,0,14,10,12,14,12,0
0,0,11,10,8,6,10,0
0,0,14,16,11,12,20,0
0,0,10,11,16,13,13,0
0,0,13,12,11,14,10,0
0,0,10,14,12,10,13,0
0,0,14,20,15,19,17,0
0,0,18,11,15,12,12,0
0,0,0,23,11,19,0,0
0,0,0,30,16,23,0,0
0,0,0,15,13,18,0,0
0,0,7,13,8,15,0,0
0,0,13,13,9,12,15,0
0,0,0,16,6,11,6,0
0,0,15,11,7,15,7,0
0,0,4,37,21,38,0,0
0,0,12,20,10,15,16,0
0,0,20,20,16,20,21,0
0,0,0,23,21,24,0,0
0,0,17,13,11,13,24,0
0,0,3,39,21,29,0,0
0,0,7,11,14,13,2,0
0,0,6,28,15,17,19,0
0,0,0,26,13,27,0,0
0,0,21,11,14,16,27,0
0,0,6,12,9,11,7,0
0,0,12,11,9,13,8,0
0,0,0,26,16,24,0,0
0,0,1,25,12,14,10,0
0,0,3,34,11,27,0,0
0,0,2,22,11,18,8,0
0,0,22,12,13,9,10,0
0,0,7,7,8,6,8,0
0,0,19,8,11,9,16,0
0,0,16,9,10,11,16,0
0,0,17,11,12,5,10,0
0,0,14,15,16,20,23,0
0,0,12,10,12,8,12,0
0,0,0,36,14,29,0,0
0,0,0,26,9,25,0,0
0,0,3,30,14,23,0,0
0,0,13,12,11,14,10,0
0,0,13,9,9,13,9,0
0,0,9,15,17,16,14,0
0,0,5,26,14,21,0,0
0,0,19,8,16,22,12,0
0,0,30,15,19,22,28,0
0,0,3,18,11,28,8,0
0,0,0,37,22,30,0,0
0,0,13,24,13,17,13,0
0,0,2,38,19,30,0,0
0,0,15,15,9,17,18,0
0,0,15,14,9,12,24,0
0,0,9,10,12,10,14,0
0,0,20,15,12,15,23,0
0,0,13,10,8,12,18,0
0,0,8,14,9,9,5,0
0,0,0,29,11,21,0,0
0,0,0,0,29,11,18,0
0,0,7,27,12,17,10,0
0,0,0,21,13,6,0,0
0,0,8,8,15,13,12,0
0,0,26,14,18,20,23,0
0,0,11,12,12,9,10,0
0,0,17,11,13,18,17,0
0,0,10,8,9,8,10,0
0,0,22,14,10,14,27,0
0,0,0,19,12,14,0,0
0,0,0,33,12,17,0,0
0,0,0,29,12,22,0,0
0,0,0,19,11,16,0,0
0,0,13,10,9,7,10,0
0,0,11,11,7,13,13,0
0,0,18,13,9,16,18,0
0,0,23,17,16,19,27,0
0,0,8,13,17,10,9,0
0,0,3,36,29,34,0,0
0,0,17,22,16,16,14,0
0,0,17,19,15,21,9,0
0,0,11,9,7,12,5,0
0,0,11,10,10,11,16,0
0,0,22,16,12,14,22,0
0,0,25,18,12,11,20,0
0,0,12,32,21,40,11,0
0,0,6,10,6,11,13,0
0,0,0,29,15,22,0,0
0,0,6,16,9,14,9,0
0,0,2,27,21,27,7,0
0,0,0,20,10,20,0,0
0,0,0,20,13,19,0,0
0,0,18,8,12,11,10,0
0,0,16,18,13,19,15,0
0,0,23,10,14,12,12,0
0,0,13,8,16,16,14,0
0,0,13,8,10,12,15,0
0,0,13,12,14,16,19,0
0,0,7,9,8,12,6,0
0,0,5,10,9,9,5,0
0,0,0,26,11,20,0,0
0,0,0,26,14,24,0,0
0,0,0,38,19,22,0,0
0,0,2,15,9,16,0,0
0,0,1,30,14,26,0,0
0,0,19,12,8,15,17,0
0,0,21,12,16,19,27,0
0,0,5,50,25,34,0,0
0,0,16,10,9,12,10,0
0,0,15,20,14,18,16,0
0,0,4,30,17,32,0,0
0,0,21,18,18,25,19,0
0,0,31,22,22,31,16,0
0,0,11,14,9,9,13,0
0,0,17,26,14,22,15,0
0,0,4,26,14,20,8,0
0,0,11,15,9,12,8,0
0,0,16,12,10,8,15,0
0,0,17,9,6,8,15,0
0,0,7,28,22,21,14,0
0,0,21,24,20,29,26,0
0,0,20,15,15,13,14,0
0,0,6,20,10,23,0,0
0,0,0,25,16,24,0,0
0,0,0,15,16,16,0,0
0,0,0,21,16,21,0,0
0,0,2,27,14,19,0,0
0,0,16,29,20,35,12,0
0,0,32,28,27,25,28,0
0,0,18,9,10,6,16,0
0,0,28,12,7,11,12,0
0,0,16,12,6,8,15,0
0,0,3,22,11,24,0,0
0,0,7,13,5,14,0,0
0,0,32,21,16,18,20,0
0,0,10,22,14,24,0,0
0,0,10,25,19,17,14,0
0,0,25,15,13,17,21,0
0,0,13,9,9,15,7,0
0,0,18,23,13,20,16,0
0,0,27,19,21,20,33,0
0,0,6,20,5,16,0,0
0,0,28,21,18,25,21,0
0,0,21,14,11,7,13,0
0,0,16,16,11,16,8,0
0,0,25,15,8,10,14,0
0,0,22,19,19,20,30,0
0,0,10,31,17,24,19,0
0,0,16,30,16,25,11,0
0,0,11,25,17,20,8,0
0,0,8,29,15,18,6,0
0,0,0,27,14,25,0,0
0,0,13,17,16,15,10,0
0,0,13,23,20,22,15,0
0,0,1,18,17,14,0,0
0,0,26,20,19,21,24,0
0,0,19,14,10,8,16,0
0,0,17,16,9,9,16,0
0,0,22,13,7,10,13,0
0,0,10,23,19,15,9,0
0,0,5,15,6,14,9,0
0,0,28,18,19,15,25,0
0,0,11,25,14,21,8,0
0,0,19,19,16,28,6,0
0,0,6,13,8,10,8,0
0,0,0,15,4,15,0,0
0,0,4,14,9,18,0,0
0,0,9,25,14,22,11,0
0,0,7,26,12,21,18,0
0,0,27,16,16,19,31,0
0,0,26,11,13,14,14,0
0,0,3,15,7,17,0,0
0,0,27,16,10,10,14,0
0,0,23,15,13,12,13,0
0,0,11,26,21,23,23,0
0,0,16,22,15,39,11,0
0,0,13,31,18,29,10,0
0,0,16,10,5,9,13,0
0,0,0,34,14,20,0,0
0,0,0,27,15,17,0,0
0,0,16,15,9,11,17,0
0,0,19,27,24,26,21,0
0,0,12,20,14,29,8,0
0,0,1,36,20,28,8,0
0,0,10,21,10,13,13,0
0,0,27,12,10,10,13,0
0,0,16,9,5,12,12,0
0,0,33,15,19,23,23,0
0,0,12,25,14,23,10,0
0,0,18,24,16,19,14,0
0,0,0,16,8,18,0,0
0,0,36,16,14,19,35,0
0,0,0,17,4,18,0,0
0,0,0,29,14,17,0,0
0,0,26,16,11,18,25,0
0,0,15,18,17,23,10,0
0,0,22,16,11,16,12,0
0,0,2,17,9,15,6,0
0,0,13,14,13,9,9,0
0,0,14,18,11,10,11,0
0,0,20,11,10,10,15,0
0,0,2,32,20,30,8,0
0,0,31,19,23,24,35,0
0,0,6,27,13,21,0,0
0,0,8,24,13,12,10,0
0,0,17,9,0,10,19,0
0,0,22,11,6,9,18,0
0,0,11,21,13,17,18,0
0,0,0,27,13,17,0,0
0,0,25,21,23,23,23,0
0,0,29,28,26,27,30,0
0,0,15,12,8,9,9,0
0,0,23,16,10,11,16,0
0,0,1,21,8,12,9,0
0,0,6,7,13,0,0,0
0,0,6,17,7,13,7,0
0,0,5,22,14,18,10,0
0,0,17,15,14,17,10,0
0,0,19,21,18,20,8,0
0,0,6,24,13,15,9,0
0,0,0,13,8,13,0,0
0,0,11,11,6,8,11,0
0,0,0,26,12,22,0,0
0,0,33,22,15,35,24,0
0,0,22,19,13,19,22,0
0,0,9,15,13,18,10,0
0,0,15,8,11,10,6,0
0,0,4,22,15,23,6,0
0,0,18,10,10,9,19,0
0,0,19,11,11,6,15,0
0,0,13,32,23,30,11,0
0,0,15,28,30,29,17,0
0,0,0,22,21,22,0,0
0,0,3,24,15,23,0,0
0,0,6,22,16,24,0,0
0,0,0,28,13,21,0,0
0,0,0,23,13,16,0,0
0,0,0,29,14,22,0,0
0,0,4,35,24,34,10,0
0,0,8,29,27,36,9,0
0,0,20,13,11,9,12,0
0,0,18,14,8,11,19,0
0,0,12,10,8,15,7,0
0,0,20,15,13,14,18,0
0,0,15,16,13,16,18,0
0,0,19,20,13,36,22,0
0,0,15,32,16,26,20,0
0,0,2,16,4,12,7,0
0,0,0,29,15,29,0,0
0,0,4,27,11,21,0,0
0,0,0,17,6,17,0,0
0,0,0,24,14,17,0,0
0,0,0,18,6,11,6,0
0,0,0,18,6,17,0,0
0,0,15,25,12,17,8,0
0,0,0,19,5,15,0,0
0,0,8,21,13,17,10,0
0,0,23,19,21,19,28,0
0,0,10,10,8,8,7,0
0,0,15,12,8,10,10,0
0,0,22,12,8,7,11,0
0,0,18,9,9,8,10,0
0,0,19,11,6,8,16,0
0,0,10,23,23,28,7,0
0,0,1,37,20,31,0,0
0,0,4,38,22,36,9,0
0,0,0,25,11,20,0,0
0,0,9,26,14,17,0,0
0,0,23,16,12,16,8,0
0,0,6,25,11,17,0,0
0,0,7,30,22,28,20,0
0,0,3,28,22,30,8,0
0,0,0,35,21,28,7,0
0,0,20,10,5,11,21,0
0,0,23,11,6,8,16,0
0,0,20,16,9,7,14,0
0,0,11,11,6,16,12,0
0,0,16,10,7,11,18,0
0,0,20,20,14,22,16,0
0,0,25,13,16,20,14,0
0,0,0,18,10,14,0,0
0,0,0,18,6,13,0,0
0,0,5,25,16,24,0,0
0,0,0,25,10,20,0,0
0,0,1,16,5,12,6,0
0,0,14,12,7,11,9,0
0,0,12,8,6,10,10,0
0,0,3,24,18,22,10,0
0,0,13,22,15,21,13,0
0,0,3,15,4,14,0,0
0,0,20,13,10,9,21,0
0,0,17,18,15,22,7,0
0,0,16,14,10,11,16,0
0,0,14,18,11,9,11,0
0,0,13,9,4,9,7,0
0,0,18,9,9,4,13,0
0,0,22,14,9,9,20,0
0,0,6,31,18,25,9,0
0,0,6,27,23,27,8,0
0,0,3,30,17,26,0,0
0,0,0,26,15,18,0,0
0,0,8,21,11,21,0,0
0,0,0,28,13,24,0,0
0,0,0,24,16,18,0,0
0,0,7,27,22,25,9,0
0,0,8,26,18,29,9,0
0,0,1,31,18,27,0,0
0,0,20,10,8,8,15,0
0,0,21,12,7,10,15,0
0,0,12,13,8,14,12,0
0,0,20,15,9,13,12,0
0,0,15,18,9,10,14,0
0,0,5,23,14,25,10,0
0,0,13,23,17,20,7,0
0,0,0,26,12,17,0,0
0,0,9,13,9,14,9,0
0,0,14,9,8,14,7,0
0,0,0,29,15,21,0,0
0,0,12,16,9,12,9,0
0,0,19,21,11,25,23,0
0,0,1,18,6,21,0,0
0,0,1,26,14,28,0,0
0,0,3,30,17,19,9,0
0,0,10,12,6,10,11,0
0,0,28,21,14,19,31,0
0,0,8,29,17,19,13,0
0,0,0,19,6,15,0,0
0,0,13,17,11,12,9,0
0,0,16,13,6,8,18,0
0,0,19,14,10,9,17,0
0,0,13,25,20,30,5,0
0,0,16,31,27,28,19,0
0,0,4,25,12,21,5,0
0,0,11,27,13,28,0,0
0,0,0,26,13,21,0,0
0,0,0,20,20,21,0,0
0,0,0,30,11,25,0,0
0,0,9,23,13,12,11,0
0,0,7,28,23,33,6,0
0,0,11,27,18,20,21,0
0,0,18,12,11,10,18,0
0,0,23,15,10,8,15,0
0,0,14,17,10,11,14,0
0,0,1,17,7,15,8,0
0,0,14,20,16,17,14,0
0,0,13,21,19,12,18,0
0,0,0,20,14,16,0,0
0,0,13,10,9,12,12,0
0,0,6,12,4,18,0,0
0,0,0,21,14,21,0,0
0,0,21,20,17,25,18,0
0,0,13,12,9,10,10,0
0,0,16,22,18,25,4,0
0,0,10,26,17,19,16,0
0,0,1,17,6,14,6,0
0,0,17,16,11,16,22,0
0,0,15,19,11,14,25,0
0,0,16,20,14,13,14,0
0,0,12,15,7,15,9,0
0,0,18,10,10,12,11,0
0,0,9,15,11,12,9,0
0,0,19,15,16,20,9,0
0,0,4,33,18,29,8,0
0,0,0,28,11,21,0,0
0,0,0,27,12,19,0,0
0,0,0,19,17,23,0,0
0,0,1,20,14,14,11,0
0,0,5,25,15,20,0,0
0,0,14,9,10,10,17,0
0,0,9,11,13,10,8,0
0,0,8,9,11,9,4,0
0,0,14,8,10,13,8,0
0,0,2,7,11,8,2,0
0,0,0,22,12,12,0,0
0,0,0,23,13,19,0,0
0,0,0,29,12,23,0,0
0,0,0,21,13,19,0,0
0,0,0,20,12,22,0,0
0,0,10,27,18,22,7,0
0,0,0,19,10,23,0,0
0,0,10,12,6,10,14,0
0,0,17,10,7,11,9,0
0,0,11,14,5,12,7,0
0,0,11,24,18,14,16,0
0,0,13,15,9,16,17,0
0,0,31,12,12,16,22,0
0,0,8,27,11,22,0,0
0,0,3,16,8,11,7,0
0,0,2,19,7,11,10,0
0,0,16,19,19,17,10,0
0,0,14,12,7,9,10,0
0,0,17,28,20,27,10,0
0,0,0,24,13,22,0,0
0,0,14,12,6,13,11,0
0,0,0,25,13,28,0,0
0,0,18,16,11,14,23,0
0,0,13,18,14,17,20,0
0,0,17,8,9,9,10,0
0,0,14,14,12,15,10,0
0,0,10,27,23,28,12,0
0,0,0,27,12,22,0,0
0,0,0,24,14,18,0,0
0,0,5,28,12,23,13,0
0,0,0,22,14,27,0,0
0,0,0,21,12,15,0,0
0,0,10,7,8,10,5,0
0,0,13,13,10,11,12,0
0,0,14,10,13,12,14,0
0,0,8,8,10,8,5,0
0,0,11,9,14,6,10,0
0,0,11,8,7,10,14,0
0,0,0,15,14,9,0,0
0,0,5,20,14,19,0,0
0,0,0,21,12,22,0,0
0,0,0,38,14,26,0,0
0,0,0,19,11,22,0,0
0,0,2,38,21,35,0,0
0,0,16,11,9,12,17,0
0,0,0,7,6,5,0,0
0,0,15,11,7,13,23,0
0,0,20,21,9,17,15,0
0,0,17,25,17,17,16,0
0,0,1,23,14,14,10,0
0,0,5,13,6,15,6,0
0,0,10,10,7,10,9,0
0,0,4,32,12,21,10,0
0,0,0,17,25,24,0,0
0,0,2,32,17,19,8,0
0,0,3,13,5,10,7,0
0,0,7,19,8,13,9,0
0,0,0,26,17,22,0,0
0,0,18,15,11,14,15,0
0,0,12,13,12,13,15,0
0,0,5,8,5,20,0,0
0,0,6,17,7,11,6,0
0,0,2,30,16,30,0,0
0,0,0,18,13,15,0,0
0,0,0,27,11,20,0,0
0,0,7,27,11,23,0,0
0,0,13,8,10,7,13,0
0,0,0,24,16,15,0,0
0,0,0,30,14,14,0,0
0,0,11,10,10,6,7,0
0,0,7,9,12,15,7,0
0,0,15,10,13,13,8,0
0,0,9,7,6,6,3,0
0,0,23,14,7,16,15,0
0,0,2,21,17,21,0,0
0,0,11,10,11,11,10,0
0,0,0,18,11,18,0,0
0,0,0,25,11,21,0,0
0,0,0,24,10,20,0,0
0,0,14,35,19,26,7,0
0,0,7,11,4,13,6,0
0,0,0,12,6,15,0,0
0,0,17,15,11,18,25,0
0,0,1,23,18,20,8,0
0,0,6,15,9,20,0,0
0,0,0,28,14,19,0,0
0,0,2,29,16,26,0,0
0,0,4,16,8,12,8,0
0,0,1,40,24,38,0,0
0,0,13,12,10,14,14,0
0,0,13,23,11,17,9,0
0,0,11,15,7,13,9,0
0,0,9,9,7,10,12,0
0,0,5,25,14,26,0,0
0,0,19,16,15,16,26,0
0,0,14,9,11,14,19,0
0,0,13,10,4,12,8,0
0,0,11,14,10,13,5,0
0,0,6,6,7,12,7,0
0,0,26,13,24,10,0,0
0,0,0,16,12,23,0,0
0,0,17,27,22,30,8,0
0,0,0,23,15,17,0,0
0,0,0,20,9,17,0,0
0,0,21,11,13,8,15,0
0,0,2,22,16,14,9,0
0,0,16,11,15,13,18,0
0,0,8,9,10,10,7,0
0,0,7,14,9,7,9,0
0,0,19,9,13,11,12,0
0,0,0,23,13,23,0,0
0,0,21,10,9,9,15,0
0,0,0,20,8,18,0,0
0,0,0,30,9,22,0,0
0,0,2,34,22,32,0,0
0,0,0,25,11,16,0,0
0,0,0,25,17,25,0,0
0,0,20,9,11,12,11,0
0,0,9,11,6,14,7,0
0,0,12,11,8,11,10,0
0,0,18,10,13,18,17,0
0,0,6,19,18,15,14,0
0,0,14,9,7,10,13,0
0,0,0,30,14,27,0,0
0,0,7,30,18,30,0,0
0,0,4,19,6,16,7,0
0,0,17,14,5,14,17,0
1,0,0,3,32,6,0,0
1,0,5,9,35,6,6,0
1,0,1,14,44,4,0,0
1,0,1,5,49,15,0,0
1,0,1,13,27,4,0,0
1,0,0,3,14,12,0,0
1,0,0,1,20,6,0,0
1,0,0,2,15,14,0,0
1,0,0,1,28,0,0,0
1,0,0,1,35,0,0,0
1,0,0,1,32,0,0,0
1,0,0,3,15,8,0,0
1,0,0,7,25,4,0,0
1,0,0,18,29,8,0,0
1,0,0,3,13,20,0,0
1,0,0,7,25,3,0,0
1,0,1,8,11,25,1,0
1,0,0,4,17,33,0,0
1,0,0,5,25,5,0,0
1,0,0,2,12,0,0,0
1,0,0,1,28,0,0,0
1,0,0,4,9,34,0,0
1,0,0,2,19,11,0,0
1,0,0,2,18,0,0,0
1,0,0,3,13,18,0,0
1,0,1,10,42,7,0,0
1,0,8,19,28,6,5,0
1,0,0,5,39,16,0,0
1,0,0,1,33,6,0,0
1,0,0,7,38,13,0,0
1,0,0,3,31,10,0,0
1,0,0,13,37,6,0,0
1,0,0,2,10,20,0,0
1,0,0,2,36,4,0,0
1,0,2,11,38,9,0,0
1,0,0,3,6,28,0,0
1,0,0,1,23,5,0,0
1,0,0,5,25,9,0,0
1,0,0,1,0,15,0,0
1,0,0,2,27,5,0,0
1,0,0,1,36,0,0,0
1,0,0,7,33,14,0,0
1,0,0,8,36,7,0,0
1,0,2,15,19,42,7,0
1,0,0,6,22,14,0,0
1,0,0,9,24,25,0,0
1,0,1,8,26,8,0,0
1,0,0,4,36,11,0,0
1,0,5,15,29,6,2,0
1,0,0,0,31,0,0,0
1,0,0,2,19,18,0,0
1,0,0,0,36,0,0,0
1,0,0,2,29,7,0,0
1,0,0,3,28,6,0,0
1,0,0,8,9,37,0,0
1,0,0,12,48,9,0,0
1,0,0,1,16,14,0,0
1,0,0,8,35,10,0,0
1,0,0,3,35,17,0,0
1,0,0,12,46,5,0,0
1,0,2,11,47,7,0,0
1,0,3,12,43,10,0,0
1,0,0,3,38,4,0,0
1,0,0,3,27,8,0,0
1,0,0,3,27,16,0,0
1,0,0,2,9,15,0,0
1,0,0,3,26,7,0,0
1,0,0,1,35,0,0,0
1,0,0,0,25,0,0,0
1,0,0,0,29,0,0,0
1,0,0,9,25,5,0,0
1,0,2,7,21,29,5,0
1,0,0,9,28,26,0,0
1,0,0,1,7,17,0,0
1,0,1,8,26,5,0,0
1,0,0,4,21,13,0,0
1,0,0,5,33,8,0,0
1,0,1,10,26,6,0,0
1,0,0,2,40,0,0,0
1,0,0,1,38,0,0,0
1,0,0,1,0,20,0,0
1,0,0,4,8,25,0,0
1,0,0,3,18,9,0,0
1,0,0,5,26,14,0,0
1,0,0,2,36,16,0,0
1,0,0,3,17,13,0,0
1,0,3,15,43,8,0,0
1,0,0,4,15,30,0,0
1,0,2,12,47,6,1,0
1,0,1,9,33,7,0,0
1,0,0,7,31,6,0,0
1,0,0,2,33,7,0,0
1,0,4,11,45,8,2,0
1,0,0,5,20,8,0,0
1,0,0,1,29,0,0,0
1,0,0,5,19,11,0,0
1,0,0,7,25,20,0,0
1,0,0,0,34,0,0,0
1,0,0,1,30,0,0,0
1,0,0,0,20,13,0,0
1,0,0,8,39,12,0,0
1,0,0,1,17,20,0,0
1,0,0,2,22,2,0,0
1,0,0,9,21,8,0,0
1,0,0,5,8,45,0,0
1,0,0,3,34,6,0,0
1,0,1,7,18,5,0,0
1,0,0,2,25,15,0,0
1,0,0,2,27,1,0,0
1,0,0,6,26,26,0,0
1,0,0,3,19,6,0,0
1,0,0,0,27,0,0,0
1,0,0,4,10,10,0,0
1,0,0,2,36,6,0,0
1,0,0,7,37,19,0,0
1,0,0,3,12,24,0,0
1,0,0,11,25,8,0,0
1,0,0,2,31,7,0,0
1,0,0,1,16,12,0,0
1,0,0,7,24,8,0,0
1,0,0,6,23,3,0,0
1,0,0,8,30,5,0,0
1,0,0,8,42,5,0,0
1,0,3,12,35,6,2,0
1,0,0,7,32,3,0,0
1,0,2,9,26,19,1,0
1,0,1,13,41,9,0,0
1,0,0,10,27,28,0,0
1,0,1,15,28,4,0,0
1,0,0,4,35,3,0,0
1,0,0,14,36,7,0,0
1,0,4,17,28,5,2,0
1,0,0,8,32,4,0,0
1,0,2,21,17,4,1,0
1,0,5,15,41,14,2,0
1,0,1,13,39,14,2,0
1,0,1,10,40,7,0,0
1,0,0,6,39,7,1,0
1,0,1,5,28,22,1,0
1,0,7,14,34,5,2,0
1,0,0,5,24,2,0,0
1,0,0,7,23,19,1,0
1,0,0,9,23,4,0,0
1,0,0,10,25,4,0,0
1,0,0,10,24,12,0,0
1,0,0,5,23,4,0,0
1,0,0,7,28,3,0,0
1,0,0,8,22,6,0,0
1,0,0,6,23,14,0,0
1,0,0,4,33,2,0,0
1,0,0,5,33,8,0,0
1,0,2,12,36,9,1,0
1,0,0,6,41,9,0,0
1,0,0,9,24,25,0,0
1,0,1,14,40,10,0,0
1,0,0,9,34,17,0,0
1,0,0,4,29,10,0,0
1,0,0,10,26,3,0,0
1,0,0,9,38,4,0,0
1,0,0,11,35,3,0,0
1,0,0,7,33,19,0,0
1,0,1,11,17,45,2,0
1,0,2,9,21,41,1,0
1,0,0,6,40,9,0,0
1,0,0,3,18,23,0,0
1,0,0,7,31,13,2,0
1,0,0,11,34,7,0,0
1,0,1,8,29,4,1,0
1,0,0,9,37,5,0,0
1,0,0,2,21,2,0,0
1,0,0,7,26,14,0,0
1,0,0,3,31,3,0,0
1,0,0,5,16,1,0,0
1,0,0,3,26,1,0,0
1,0,0,2,17,22,0,0
1,0,0,13,34,5,0,0
1,0,0,11,34,6,0,0
1,0,2,11,28,20,4,0
1,0,0,2,12,12,0,0
1,0,0,6,22,23,0,0
1,0,0,7,34,14,0,0
1,0,1,10,35,22,0,0
1,0,0,6,30,17,0,0
1,0,2,16,37,16,0,0
1,0,4,13,38,12,2,0
1,0,0,9,34,6,0,0
1,0,0,9,28,2,0,0
1,0,2,7,28,19,1,0
1,0,2,14,45,8,0,0
1,0,0,6,31,16,0,0
1,0,0,9,27,35,0,0
1,0,0,3,24,18,0,0
1,0,0,3,27,16,0,0
1,0,0,5,16,11,0,0
1,0,0,4,19,9,0,0
1,0,0,8,29,3,0,0
1,0,0,6,23,6,0,0
1,0,0,3,27,2,0,0
1,0,1,15,39,14,0,0
1,0,0,6,21,7,0,0
1,0,0,4,43,12,1,0
1,0,1,6,27,13,2,0
1,0,0,8,31,6,0,0
1,0,1,6,25,5,2,0
1,0,0,2,28,5,0,0
1,0,1,8,35,5,0,0
1,0,0,4,32,8,0,0
1,0,0,7,25,13,0,0
1,0,0,8,29,21,0,0
1,0,1,14,36,20,2,0
1,0,1,19,32,6,0,0
1,0,0,13,29,3,0,0
1,0,1,4,14,36,4,0
1,0,0,2,23,21,0,0
1,0,1,14,25,5,0,0
1,0,0,7,32,4,0,0
1,0,0,11,35,15,0,0
1,0,1,13,44,8,0,0
1,0,1,7,34,13,1,0
1,0,0,8,42,6,1,0
1,0,0,10,43,9,0,0
1,0,0,16,44,11,0,0
1,0,0,6,24,4,0,0
1,0,1,10,26,7,2,0
1,0,4,14,38,20,2,0
1,0,0,4,32,10,0,0
1,0,1,6,41,11,1,0
1,0,0,5,23,13,0,0
1,0,0,7,24,5,0,0
1,0,0,7,38,9,0,0
1,0,0,8,21,9,0,0
1,0,0,7,23,8,0,0
1,0,0,1,7,18,0,0
1,0,0,3,18,3,0,0
1,0,0,5,26,18,0,0
1,0,1,7,21,29,2,0
1,0,1,6,31,8,1,0
1,0,0,8,30,23,0,0
1,0,2,9,28,23,1,0
1,0,0,8,31,6,0,0
1,0,1,18,40,10,0,0
1,0,2,14,21,4,2,0
1,0,0,12,27,5,0,0
1,0,0,7,28,5,0,0
1,0,0,6,31,7,0,0
1,0,0,6,28,24,0,0
1,0,0,6,29,33,0,0
1,0,0,3,29,11,1,0
1,0,2,5,25,17,2,0
1,0,0,4,10,22,0,0
1,0,0,2,23,3,0,0
1,0,0,8,32,3,0,0
1,0,0,7,20,15,0,0
1,0,0,6,36,5,0,0
1,0,0,6,27,13,0,0
1,0,0,9,41,15,0,0
1,0,1,7,40,5,1,0
1,0,0,4,25,5,0,0
1,0,1,8,36,15,1,0
1,0,1,9,28,4,1,0
1,0,0,9,23,5,0,0
1,0,0,9,41,7,0,0
1,0,0,6,34,3,0,0
1,0,0,6,29,3,0,0
1,0,0,5,19,14,0,0
1,0,1,7,15,15,0,0
1,0,0,3,14,10,0,0
1,0,1,6,30,12,1,0
1,0,0,2,16,24,0,0
1,0,0,5,21,20,0,0
1,0,4,13,33,32,2,0
1,0,2,18,41,11,2,0
1,0,0,10,28,25,0,0
1,0,5,22,29,4,1,0
1,0,0,8,32,3,0,0
1,0,1,12,31,4,1,0
1,0,0,12,31,3,0,0
1,0,0,9,41,3,0,0
1,0,0,4,29,23,0,0
1,0,0,11,32,22,0,0
1,0,2,9,31,21,2,0
1,0,0,5,29,11,0,0
1,0,1,5,32,12,1,0
1,0,0,3,9,13,0,0
1,0,0,2,18,7,0,0
1,0,1,8,23,7,1,0
1,0,0,6,26,3,0,0
1,0,0,7,36,4,0,0
1,0,1,10,41,7,0,0
1,0,0,13,41,6,0,0
1,0,0,9,25,16,0,0
1,0,0,5,32,6,0,0
1,0,0,4,25,2,0,0
1,0,0,11,31,5,0,0
1,0,1,10,38,5,1,0
1,0,0,5,26,2,0,0
1,0,0,1,25,1,0,0
1,0,0,4,14,24,0,0
1,0,1,4,23,20,0,0
1,0,0,7,39,7,0,0
1,0,0,2,16,11,0,0
1,0,0,2,26,21,1,0
1,0,1,6,30,15,1,0
1,0,1,11,26,36,2,0
1,0,3,16,35,30,0,0
1,0,0,6,22,21,0,0
1,0,1,20,38,4,0,0
1,0,6,12,33,6,3,0
1,0,1,12,40,4,0,0
1,0,0,5,43,10,0,0
1,0,0,10,29,23,0,0
1,0,0,7,36,22,0,0
1,0,3,14,43,8,2,0
1,0,0,4,29,15,0,0
1,0,1,4,18,32,0,0
1,0,0,2,19,4,0,0
1,0,1,12,41,0,0,0
1,0,1,5,30,24,1,0
1,0,0,7,32,6,0,0
1,0,0,3,15,16,0,0
1,0,0,6,31,5,0,0
1,0,0,3,26,11,0,0
1,0,0,7,25,3,0,0
1,0,1,15,44,9,0,0
1,0,0,8,29,6,0,0
1,0,0,8,25,9,0,0
1,0,0,5,31,4,0,0
1,0,0,4,26,8,0,0
1,0,0,11,45,5,0,0
1,0,0,6,30,5,0,0
1,0,2,11,23,4,1,0
1,0,0,10,34,5,0,0
1,0,0,2,15,9,0,0
1,0,1,7,42,8,0,0
1,0,0,2,25,17,0,0
1,0,2,6,25,25,2,0
1,0,0,11,32,11,0,0
1,0,3,13,34,30,2,0
1,0,1,11,39,8,0,0
1,0,0,17,31,7,1,0
1,0,3,17,27,4,1,0
1,0,1,16,43,8,2,0
1,0,0,9,29,1,0,0
1,0,0,12,29,3,0,0
1,0,4,14,29,40,2,0
1,0,0,7,32,19,0,0
1,0,1,6,33,11,1,0
1,0,0,8,36,12,0,0
1,0,0,4,33,10,0,0
1,0,0,5,18,12,0,0
1,0,0,7,19,17,0,0
1,0,0,8,44,11,0,0
1,0,0,3,23,5,0,0
1,0,0,8,26,0,0,0
1,0,1,11,28,5,0,0
1,0,0,6,19,15,0,0
1,0,0,9,24,14,0,0
1,0,0,7,36,7,0,0
1,0,0,13,39,9,0,0
1,0,0,9,30,5,0,0
1,0,0,6,36,10,0,0
1,0,0,2,19,20,0,0
1,0,0,2,36,5,0,0
1,0,0,3,19,5,0,0
1,0,0,3,14,14,3,0
1,0,0,1,12,12,0,0
1,0,0,5,23,19,0,0
1,0,1,7,33,22,0,0
1,0,0,1,23,0,0,0
1,0,0,0,33,0,0,0
1,0,0,1,41,0,0,0
1,0,1,11,28,6,0,0
1,0,1,14,32,4,1,0
1,0,0,4,34,11,0,0
1,0,0,5,18,5,0,0
1,0,0,4,19,11,0,0
1,0,0,5,24,7,0,0
1,0,0,3,24,4,0,0
1,0,0,6,42,8,0,0
1,0,3,13,28,4,1,0
1,0,0,11,20,5,0,0
1,0,0,1,41,0,0,0
1,0,0,1,37,3,0,0
1,0,0,4,16,20,0,0
1,0,0,7,31,23,4,0
1,0,0,1,4,14,0,0
1,0,0,4,20,7,0,0
1,0,0,3,17,14,0,0
1,0,0,2,13,8,0,0
1,0,0,6,35,18,0,0
1,0,0,7,7,36,0,0
1,0,0,5,37,6,0,0
1,0,3,16,35,6,1,0
1,0,1,6,27,6,1,0
1,0,0,10,28,4,0,0
1,0,0,7,40,10,0,0
1,0,0,5,27,3,0,0
1,0,1,13,56,6,0,0
1,0,2,12,38,6,1,0
1,0,0,9,33,3,0,0
1,0,0,5,32,4,0,0
1,0,0,4,20,21,0,0
1,0,0,12,30,8,0,0
1,0,0,4,6,21,0,0
1,0,0,5,17,14,0,0
1,0,0,5,27,21,0,0
1,0,0,0,31,0,0,0
1,0,0,0,36,0,0,0
1,0,0,3,27,36,0,0
1,0,0,10,35,5,2,0
1,0,0,9,32,5,0,0
1,0,0,3,24,6,0,0
1,0,0,3,19,11,0,0
1,0,0,5,14,0,0,0
1,0,0,2,14,13,0,0
1,0,0,5,28,4,0,0
1,0,0,4,11,19,0,0
1,0,1,11,31,4,0,0
1,0,0,10,37,4,0,0
1,0,0,1,38,0,0,0
1,0,0,4,31,15,0,0
1,0,0,1,29,0,0,0
1,0,1,9,30,32,4,0
1,0,0,2,9,28,0,0
1,0,0,2,19,9,0,0
1,0,0,2,9,39,0,0
1,0,0,4,24,19,0,0
1,0,4,14,57,10,2,0
1,0,2,25,31,4,0,0
1,0,0,13,27,4,0,0
1,0,0,7,29,6,0,0
1,0,1,8,44,9,2,0
1,0,3,12,45,5,1,0
1,0,2,12,47,14,3,0
1,0,0,5,25,9,0,0
1,0,0,3,24,3,0,0
1,0,0,4,28,3,0,0
1,0,0,3,27,13,0,0
1,0,0,3,6,27,0,0
1,0,0,6,13,14,0,0
1,0,0,5,17,12,0,0
1,0,0,9,25,27,0,0
1,0,0,0,17,12,0,0
1,0,0,1,45,0,0,0
1,0,0,1,38,0,0,0
1,0,2,17,27,4,2,0
1,0,1,10,47,4,1,0
1,0,0,10,33,5,0,0
1,0,0,4,17,16,0,0
1,0,0,3,20,1,0,0
1,0,0,3,27,14,0,0
1,0,11,14,57,8,6,0
1,0,3,13,37,4,1,0
1,0,0,3,21,30,0,0
1,0,0,0,29,0,0,0
1,0,0,1,26,20,0,0
1,0,0,1,12,17,0,0
1,0,0,7,32,22,0,0
1,0,0,3,19,5,0,0
1,0,0,2,21,8,0,0
1,0,0,4,19,35,0,0
1,0,0,1,37,0,0,0
1,0,0,6,25,4,0,0
1,0,0,1,38,14,0,0
1,0,4,25,38,4,2,0
1,0,0,5,28,3,0,0
1,0,5,23,34,5,2,0
1,0,0,3,39,9,0,0
1,0,2,17,43,4,2,0
1,0,0,3,13,17,0,0
1,0,0,5,25,3,0,0
1,0,1,7,43,6,0,0
1,0,0,2,6,20,0,0
1,0,0,3,38,5,0,0
1,0,0,3,27,5,0,0
1,0,0,6,16,18,0,0
1,0,0,5,12,17,0,0
1,0,0,0,24,19,0,0
1,0,0,1,0,19,0,0
1,0,2,7,30,28,2,0
1,0,0,0,27,0,0,0
1,0,0,0,40,3,0,0
1,0,0,8,25,13,0,0
1,0,2,15,29,5,0,0
1,0,0,5,17,12,0,0
1,0,0,7,30,4,0,0
1,0,0,5,10,22,0,0
1,0,0,8,24,3,0,0
1,0,2,10,41,6,1,0
1,0,2,15,36,5,0,0
1,0,0,0,37,0,0,0
1,0,0,2,27,0,0,0
1,0,0,8,31,18,0,0
1,0,0,0,31,0,0,0
1,0,0,2,27,15,0,0
1,0,0,4,13,9,0,0
1,0,0,2,13,11,0,0
1,0,0,3,22,8,0,0
1,0,0,1,15,51,0,0
1,0,0,1,32,7,0,0
1,0,0,6,25,3,0,0
1,0,0,9,25,6,0,0
1,0,0,11,36,6,0,0
1,0,0,8,23,4,0,0
1,0,0,4,38,14,0,0
2,0,6,26,25,23,6,0
2,0,0,17,30,5,0,0
2,0,9,23,33,25,6,0
2,0,17,26,18,20,8,0
2,0,2,13,18,11,1,0
2,0,0,5,17,14,0,0
2,0,3,14,21,16,1,0
2,0,5,9,13,15,2,0
2,0,12,19,25,8,4,0
2,0,17,19,36,5,6,0
2,0,8,17,36,17,4,0
2,0,2,16,19,18,6,0
2,0,5,14,15,15,6,0
2,0,12,31,20,19,4,0
2,0,3,13,11,13,2,0
2,0,2,11,14,17,4,0
2,0,1,13,12,11,2,0
2,0,7,20,30,14,3,0
2,0,20,20,15,16,5,0
2,0,2,19,21,21,2,0
2,0,14,17,22,23,4,0
2,0,16,20,35,9,7,0
2,0,3,9,11,12,1,0
2,0,0,5,16,15,0,0
2,0,0,7,15,16,0,0
2,0,1,8,14,14,0,0
2,0,2,21,33,32,3,0
2,0,6,31,29,20,7,0
2,0,3,22,33,21,1,0
2,0,0,16,26,16,0,0
2,0,0,18,15,9,0,0
2,0,1,7,26,22,2,0
2,0,2,10,14,10,3,0
2,0,5,22,19,21,1,0
2,0,4,19,33,18,2,0
2,0,7,26,20,15,1,0
2,0,3,16,15,15,5,0
2,0,0,6,16,19,0,0
2,0,6,17,20,32,3,0
2,0,12,23,47,18,7,0
2,0,7,19,23,31,2,0
2,0,10,30,19,20,7,0
2,0,1,14,16,14,4,0
2,0,1,10,13,15,5,0
2,0,4,15,18,19,4,0
2,0,8,16,14,13,2,0
2,0,4,17,15,15,7,0
2,0,11,21,10,16,3,0
2,0,7,15,13,16,6,0
2,0,13,21,38,13,5,0
2,0,4,9,23,21,4,0
2,0,13,20,29,19,8,0
2,0,0,12,16,17,2,0
2,0,2,15,15,18,2,0
2,0,15,17,11,17,6,0
2,0,0,17,24,26,0,0
2,0,2,16,18,15,0,0
2,0,8,27,23,15,4,0
2,0,2,22,20,20,6,0
2,0,0,15,39,20,0,0
2,0,2,32,34,18,2,0
2,0,0,13,30,27,0,0
2,0,10,25,18,15,3,0
2,0,11,27,21,23,1,0
2,0,5,14,14,13,3,0
2,0,5,11,21,16,4,0
2,0,2,7,16,22,7,0
2,0,0,5,17,12,0,0
2,0,8,20,22,19,4,0
2,0,9,18,30,11,6,0
2,0,14,24,33,8,6,0
2,0,0,13,23,5,0,0
2,0,11,16,16,22,2,0
2,0,20,24,20,26,13,0
2,0,5,16,20,13,7,0
2,0,14,11,14,12,5,0
2,0,8,16,11,13,1,0
2,0,7,18,21,26,11,0
2,0,0,18,16,13,0,0
2,0,11,20,35,18,3,0
2,0,11,16,24,30,2,0
2,0,14,20,40,7,3,0
2,0,4,12,14,15,1,0
2,0,2,12,14,16,7,0
2,0,12,23,19,20,4,0
2,0,5,23,30,22,3,0
2,0,1,12,10,7,2,0
2,0,7,24,39,30,6,0
2,0,6,27,23,21,5,0
2,0,11,30,36,25,4,0
2,0,0,6,12,15,0,0
2,0,0,10,10,10,0,0
2,0,4,27,27,22,6,0
2,0,18,26,23,17,7,0
2,0,3,18,29,11,0,0
2,0,2,9,14,16,4,0
2,0,3,22,22,27,1,0
2,0,4,13,17,16,1,0
2,0,4,20,24,17,1,0
2,0,5,21,28,27,4,0
2,0,8,24,37,16,2,0
2,0,4,11,12,8,6,0
2,0,10,21,15,14,4,0
2,0,2,17,18,20,5,0
2,0,5,8,9,10,2,0
2,0,5,13,14,9,8,0
2,0,4,24,29,23,4,0
2,0,5,19,16,20,2,0
2,0,7,12,18,12,5,0
2,0,2,17,26,15,2,0
2,0,6,16,35,13,2,0
2,0,8,23,30,11,3,0
2,0,5,11,18,19,2,0
2,0,11,17,35,10,6,0
2,0,3,9,13,19,10,0
2,0,8,28,21,19,3,0
2,0,2,18,26,30,1,0
2,0,2,7,13,11,3,0
2,0,20,28,20,17,3,0
2,0,0,11,26,24,0,0
2,0,12,19,35,8,4,0
2,0,10,23,25,8,0,0
2,0,0,14,15,15,0,0
2,0,5,15,26,6,4,0
2,0,4,22,21,5,2,0
2,0,6,4,12,17,11,0
2,0,8,14,18,20,3,0
2,0,7,13,15,16,19,0
2,0,13,19,30,17,3,0
2,0,13,22,28,25,1,0
2,0,0,18,19,12,0,0
2,0,1,16,17,4,0,0
2,0,4,11,26,4,2,0
2,0,2,17,24,11,1,0
2,0,0,15,20,9,0,0
2,0,8,27,19,6,3,0
2,0,22,24,25,4,4,0
2,0,16,17,31,7,7,0
2,0,5,12,15,21,10,0
2,0,4,9,22,19,10,0
2,0,7,7,11,19,20,0
2,0,12,21,27,4,6,0
2,0,0,5,10,15,0,0
2,0,8,13,20,5,1,0
2,0,13,21,30,14,4,0
2,0,15,16,17,5,4,0
2,0,12,18,16,4,5,0
2,0,0,11,16,15,0,0
2,0,8,22,24,5,2,0
2,0,7,16,26,4,0,0
2,0,0,11,13,16,0,0
2,0,13,21,28,6,7,0
2,0,6,13,15,21,18,0
2,0,6,7,11,10,17,0
2,0,5,14,14,23,10,0
2,0,8,24,27,24,1,0
2,0,9,24,23,22,3,0
2,0,13,18,28,7,4,0
2,0,3,20,23,6,1,0
2,0,1,19,22,5,1,0
2,0,0,16,19,12,0,0
2,0,0,10,18,3,0,0
2,0,6,26,35,12,1,0
2,0,13,20,25,22,4,0
2,0,10,19,19,26,4,0
2,0,3,13,20,21,14,0
2,0,4,9,19,15,17,0
2,0,7,11,17,20,14,0
2,0,9,18,32,28,8,0
2,0,0,11,13,11,0,0
2,0,4,17,28,13,1,0
2,0,0,16,20,19,1,0
2,0,9,19,29,9,1,0
2,0,0,9,15,13,0,0
2,0,0,10,15,9,0,0
2,0,2,14,16,16,1,0
2,0,7,14,22,8,2,0
2,0,10,15,34,4,6,0
2,0,14,15,21,6,5,0
2,0,5,18,22,6,1,0
2,0,5,13,16,12,3,0
2,0,5,10,19,14,14,0
2,0,7,12,21,22,10,0
2,0,4,24,23,25,2,0
2,0,21,22,28,6,5,0
2,0,18,22,28,7,4,0
2,0,7,10,19,19,20,0
2,0,17,19,21,11,4,0
2,0,6,18,21,11,1,0
2,0,3,11,22,22,14,0
2,0,4,23,30,21,2,0
2,0,10,27,25,30,5,0
2,0,7,29,32,14,2,0
2,0,6,13,19,18,11,0
2,0,5,10,17,17,16,0
2,0,2,9,16,19,0,0
2,0,4,8,12,0,0,0
2,0,17,19,23,4,6,0
2,0,5,21,25,16,7,0
2,0,0,16,13,16,0,0
2,0,19,19,15,5,4,0
2,0,13,29,31,10,3,0
2,0,7,17,25,7,5,0
2,0,6,16,27,6,1,0
2,0,11,17,21,7,7,0
2,0,0,9,14,14,0,0
2,0,4,10,21,13,11,0
2,0,6,8,11,19,13,0
2,0,6,7,22,21,2,0
2,0,10,23,24,24,6,0
2,0,14,23,22,27,4,0
2,0,5,21,27,4,3,0
2,0,1,22,19,12,1,0
2,0,6,11,24,18,12,0
2,0,6,9,14,21,21,0
2,0,0,16,18,9,0,0
2,0,4,23,23,6,2,0
2,0,17,27,42,22,4,0
2,0,11,26,30,18,2,0
2,0,7,11,17,24,14,0
2,0,5,7,17,16,15,0
2,0,8,11,15,17,10,0
2,0,6,12,27,5,1,0
2,0,3,13,16,15,0,0
2,0,13,18,27,17,6,0
2,0,17,17,23,6,4,0
2,0,7,32,34,12,0,0
2,0,1,26,26,23,0,0
2,0,2,8,14,19,0,0
2,0,1,14,13,16,1,0
2,0,0,11,26,17,0,0
2,0,15,29,12,6,3,0
2,0,15,20,23,5,6,0
2,0,13,20,19,7,5,0
2,0,3,14,19,15,1,0
2,0,1,11,15,22,6,0
2,0,6,8,14,18,19,0
2,0,5,15,7,15,21,0
2,0,13,19,30,4,0,0
2,0,29,23,34,14,6,0
2,0,1,16,18,8,1,0
2,0,4,16,19,17,2,0
2,0,2,19,19,15,1,0
2,0,2,25,24,8,1,0
2,0,8,18,20,11,2,0
2,0,2,20,20,15,1,0
2,0,14,30,32,27,5,0
2,0,3,24,32,8,4,0
2,0,5,10,16,16,10,0
2,0,5,8,17,20,19,0
2,0,1,9,19,10,0,0
2,0,2,14,15,16,1,0
2,0,3,20,30,4,0,0
2,0,0,15,23,4,0,0
2,0,6,25,25,8,3,0
2,0,1,9,14,14,0,0
2,0,0,23,26,30,0,0
2,0,0,19,24,24,2,0
2,0,0,6,11,14,0,0
2,0,1,17,34,21,2,0
2,0,2,12,17,11,1,0
2,0,2,11,15,15,0,0
2,0,4,29,25,9,3,0
2,0,1,10,15,17,1,0
2,0,7,24,26,6,2,0
2,0,17,22,23,7,2,0
2,0,2,9,20,26,1,0
2,0,7,20,16,16,2,0
2,0,7,10,15,15,2,0
2,0,2,6,14,12,13,0
2,0,6,10,21,24,1,0
2,0,15,28,33,9,8,0
2,0,4,19,23,26,2,0
2,0,6,25,27,17,2,0
2,0,9,19,22,10,3,0
2,0,5,8,21,16,3,0
2,0,2,15,15,4,0,0
2,0,5,22,24,5,2,0
2,0,12,21,29,15,3,0
2,0,13,21,31,10,5,0
2,0,13,25,31,16,6,0
2,0,5,9,17,16,14,0
2,0,9,15,21,21,16,0
2,0,4,7,18,17,9,0
2,0,2,9,19,24,2,0
2,0,4,12,20,21,0,0
2,0,19,23,24,8,6,0
2,0,7,17,19,9,4,0
2,0,0,13,18,15,1,0
2,0,0,14,15,14,0,0
2,0,7,28,34,25,5,0
2,0,4,24,23,27,0,0
2,0,2,8,14,16,0,0
2,0,0,8,14,12,0,0
2,0,6,13,17,6,1,0
2,0,2,15,32,10,0,0
2,0,8,31,30,23,1,0
2,0,1,16,15,15,0,0
2,0,1,19,25,6,0,0
2,0,7,25,15,6,1,0
2,0,5,8,17,16,16,0
2,0,4,12,21,24,4,0
2,0,4,11,14,3,1,0
2,0,4,12,15,12,9,0
2,0,6,10,13,16,12,0
2,0,12,19,20,29,3,0
2,0,29,24,31,13,5,0
2,0,15,21,27,22,4,0
2,0,0,14,15,11,0,0
2,0,7,21,20,4,2,0
2,0,4,21,17,4,2,0
2,0,3,19,17,7,0,0
2,0,15,21,23,5,3,0
2,0,18,22,26,8,6,0
2,0,8,22,30,13,2,0
2,0,7,9,21,19,20,0
2,0,7,13,17,24,3,0
2,0,5,9,17,21,2,0
2,0,7,14,18,25,5,0
2,0,4,10,16,17,12,0
2,0,8,21,25,4,1,0
2,0,1,17,21,7,0,0
2,0,3,18,34,26,4,0
2,0,0,9,13,18,1,0
2,0,1,13,23,3,0,0
2,0,2,22,22,15,1,0
2,0,0,8,15,16,0,0
2,0,10,19,23,16,3,0
2,0,0,11,13,16,0,0
2,0,1,27,31,13,2,0
2,0,0,14,26,19,0,0
2,0,6,11,22,4,1,0
2,0,0,15,32,8,0,0
2,0,15,21,26,8,7,0
2,0,13,16,12,15,3,0
2,0,6,15,21,21,3,0
2,0,9,14,13,18,20,0
2,0,7,12,12,15,4,0
2,0,5,23,26,7,2,0
2,0,8,25,34,15,3,0
2,0,4,27,20,7,2,0
2,0,1,18,17,5,0,0
2,0,11,17,21,7,3,0
2,0,1,17,20,14,0,0
2,0,3,12,18,12,2,0
2,0,2,21,24,12,1,0
2,0,22,25,33,8,6,0
2,0,18,21,24,7,7,0
2,0,5,16,17,16,5,0
2,0,8,14,17,24,3,0
2,0,5,11,17,20,11,0
2,0,6,16,17,13,3,0
2,0,2,13,23,6,0,0
2,0,12,22,38,8,6,0
2,0,8,30,27,6,1,0
2,0,2,13,16,11,0,0
2,0,0,17,16,13,0,0
2,0,1,22,34,24,2,0
2,0,9,20,19,18,5,0
2,0,0,9,13,15,0,0
2,0,5,24,31,24,5,0
2,0,0,21,24,15,0,0
2,0,0,9,12,17,0,0
2,0,26,26,23,24,5,0
2,0,4,24,17,25,1,0
2,0,6,24,22,18,4,0
2,0,1,10,17,18,1,0
2,0,2,17,19,15,1,0
2,0,0,11,16,15,0,0
2,0,10,22,24,28,4,0
2,0,23,26,30,12,3,0
2,0,2,17,19,22,1,0
2,0,9,25,30,23,3,0
2,0,4,29,28,11,3,0
2,0,14,19,24,10,2,0
2,0,2,11,29,7,2,0
2,0,19,23,17,20,10,0
2,0,13,20,16,14,7,0
2,0,2,8,13,16,4,0
2,0,4,10,11,12,4,0
2,0,12,10,19,14,2,0
2,0,10,21,20,19,9,0
2,0,2,19,18,5,1,0
2,0,8,17,29,6,1,0
2,0,15,28,12,5,5,0
2,0,1,21,23,22,0,0
2,0,7,21,27,16,2,0
2,0,15,22,24,28,9,0
2,0,9,20,28,4,1,0
2,0,3,14,13,16,0,0
2,0,2,13,16,20,1,0
2,0,4,12,14,15,0,0
2,0,7,31,27,21,9,0
2,0,8,16,10,15,5,0
2,0,13,24,19,17,4,0
2,0,8,25,35,16,5,0
2,0,0,6,10,13,0,0
2,0,3,9,15,11,0,0
2,0,1,20,27,31,2,0
2,0,0,9,11,19,0,0
2,0,7,25,32,30,4,0
2,0,14,30,41,19,5,0
2,0,0,17,14,14,1,0
2,0,3,17,36,19,2,0
2,0,2,20,22,19,2,0
2,0,9,14,15,16,2,0
2,0,1,9,13,18,8,0
2,0,0,6,14,16,0,0
2,0,23,24,31,15,5,0
2,0,4,23,21,27,4,0
2,0,1,22,21,29,1,0
2,0,9,20,24,18,4,0
2,0,6,13,19,4,1,0
2,0,1,12,18,18,1,0
2,0,4,18,21,13,11,0
2,0,8,18,13,11,6,0
2,0,1,10,13,16,3,0
2,0,4,12,15,15,5,0
2,0,2,12,11,13,6,0
2,0,3,17,19,22,8,0
2,0,1,16,21,5,0,0
2,0,2,16,16,3,0,0
2,0,6,21,22,25,1,0
2,0,6,19,39,10,6,0
2,0,4,18,23,23,1,0
2,0,1,25,23,22,2,0
2,0,0,8,9,15,0,0
2,0,2,12,14,19,1,0
2,0,4,19,18,15,9,0
2,0,9,26,17,24,4,0
2,0,4,15,27,27,4,0
2,0,4,24,32,29,4,0
2,0,1,12,14,13,0,0
2,0,0,8,14,12,0,0
2,0,6,27,40,25,4,0
2,0,2,18,35,19,2,0
2,0,4,20,31,20,2,0
2,0,0,9,17,7,0,0
2,0,2,9,11,14,0,0
2,0,0,10,34,7,0,0
2,0,9,23,14,18,8,0
2,0,7,24,14,17,10,0
2,0,1,9,9,17,0,0
2,0,5,13,17,12,2,0
2,0,13,24,36,14,3,0
2,0,2,21,27,14,2,0
2,0,0,17,27,28,0,0
2,0,17,21,24,6,4,0
2,0,10,14,20,15,10,0
2,0,5,18,23,5,2,0
2,0,3,14,20,13,0,0
2,0,7,16,10,13,7,0
2,0,4,9,11,11,1,0
2,0,2,12,13,11,4,0
2,0,14,14,12,14,11,0
2,0,12,22,19,14,4,0
2,0,1,11,17,13,1,0
2,0,6,13,18,14,3,0
2,0,13,20,38,8,7,0
2,0,8,18,26,27,4,0
2,0,5,24,35,16,0,0
2,0,18,19,32,5,4,0
2,0,6,12,13,21,4,0
2,0,0,13,14,19,0,0
2,0,4,26,18,17,4,0
2,0,10,26,15,17,5,0
2,0,0,9,11,15,1,0
2,0,2,27,35,12,2,0
2,0,4,10,29,37,13,0
2,0,1,10,10,19,0,0
2,0,1,26,36,7,5,0
2,0,1,17,17,20,1,0
2,0,0,28,30,10,0,0
2,0,0,12,14,11,1,0
2,0,3,12,19,8,0,0
2,0,5,5,25,33,25,0
2,0,10,21,19,11,0,0
2,0,6,22,15,16,4,0
2,0,2,8,23,19,1,0
2,0,6,12,15,9,0,0
2,0,4,10,19,18,1,0
2,0,9,21,34,8,4,0
2,0,4,11,15,22,1,0
2,0,13,23,42,5,4,0
2,0,13,20,29,9,5,0
2,0,9,20,37,11,4,0
2,0,0,13,13,18,0,0
2,0,0,4,22,5,0,0
2,0,1,8,9,11,2,0
2,0,5,20,16,19,12,0
2,0,5,18,25,26,2,0
2,0,3,7,10,9,3,0
2,0,3,12,21,10,0,0
2,0,5,19,13,11,1,0
2,0,0,20,22,23,1,0
2,0,5,18,28,26,3,0
2,0,11,21,38,5,3,0
2,0,7,18,27,8,5,0
2,0,8,19,31,6,4,0
2,0,7,16,12,14,18,0
2,0,6,11,18,5,3,0
2,0,2,13,15,18,1,0
2,0,1,20,21,19,0,0
2,0,13,16,11,11,8,0
2,0,1,8,16,10,0,0
2,0,2,21,30,28,2,0
2,0,0,30,37,5,0,0
2,0,3,14,18,3,1,0
2,0,3,20,19,15,0,0
3,0,1,13,23,32,4,0
3,0,0,10,17,25,0,0
3,0,0,7,25,31,0,0
3,0,3,16,21,28,22,0
3,0,0,2,10,15,0,0
3,0,0,7,16,12,0,0
3,0,0,5,16,9,0,0
3,0,0,1,13,6,0,0
3,0,0,7,24,17,0,0
3,0,1,6,18,16,6,0
3,0,0,19,18,20,6,0
3,0,0,5,12,19,0,0
3,0,0,5,11,22,0,0
3,0,2,8,21,43,4,0
3,0,0,3,7,8,0,0
3,0,0,4,9,15,0,0
3,0,3,6,12,21,4,0
3,0,0,8,21,26,0,0
3,0,0,2,6,12,0,0
3,0,0,11,23,40,0,0
3,0,0,12,22,26,0,0
3,0,0,7,14,22,0,0
3,0,0,2,16,10,0,0
3,0,0,8,12,5,0,0
3,0,0,4,11,11,0,0
3,0,0,5,12,15,0,0
3,0,0,6,22,37,0,0
3,0,2,13,24,27,11,0
3,0,1,16,21,20,5,0
3,0,0,5,15,28,0,0
3,0,1,12,20,24,4,0
3,0,1,11,33,21,0,0
3,0,0,2,10,7,0,0
3,0,3,22,25,33,4,0
3,0,0,4,21,20,0,0
3,0,1,9,24,26,0,0
3,0,0,5,14,17,0,0
3,0,0,4,14,14,0,0
3,0,1,8,19,30,6,0
3,0,0,6,13,31,0,0
3,0,0,4,18,27,0,0
3,0,1,13,22,29,4,0
3,0,0,5,13,19,0,0
3,0,0,2,8,14,0,0
3,0,0,5,13,24,0,0
3,0,0,6,14,15,0,0
3,0,0,3,7,13,0,0
3,0,1,14,20,24,4,0
3,0,0,5,4,20,0,0
3,0,0,8,19,18,0,0
3,0,1,7,17,28,0,0
3,0,3,9,17,31,11,0
3,0,0,4,14,11,0,0
3,0,0,6,15,23,0,0
3,0,1,12,16,22,10,0
3,0,3,4,21,44,0,0
3,0,0,1,9,8,0,0
3,0,6,14,19,27,10,0
3,0,1,18,18,21,5,0
3,0,0,10,20,28,0,0
3,0,0,9,19,29,0,0
3,0,0,4,29,21,0,0
3,0,6,25,28,19,9,0
3,0,1,7,23,26,0,0
3,0,1,5,6,9,0,0
3,0,5,17,25,29,17,0
3,0,0,9,18,10,0,0
3,0,0,6,13,9,0,0
3,0,2,14,19,24,7,0
3,0,0,8,20,24,0,0
3,0,0,13,23,22,0,0
3,0,0,12,23,12,0,0
3,0,0,4,9,10,0,0
3,0,1,16,13,23,11,0
3,0,0,4,7,14,0,0
3,0,0,3,8,15,0,0
3,0,0,5,16,15,0,0
3,0,2,10,18,29,12,0
3,0,0,5,14,15,0,0
3,0,0,8,20,37,0,0
3,0,0,9,19,23,0,0
3,0,0,8,22,28,0,0
3,0,0,8,17,8,0,0
3,0,0,6,16,13,0,0
3,0,1,12,18,22,16,0
3,0,5,25,26,36,8,0
3,0,0,3,5,11,0,0
3,0,0,7,21,30,0,0
3,0,13,27,27,30,22,0
3,0,0,4,23,20,0,0
3,0,0,6,14,31,0,0
3,0,0,5,10,14,0,0
3,0,2,20,22,22,4,0
3,0,8,26,24,30,25,0
3,0,0,8,20,28,0,0
3,0,0,11,16,8,0,0
3,0,0,9,21,27,0,0
3,0,0,4,16,18,0,0
3,0,0,16,28,38,0,0
3,0,1,5,22,22,0,0
3,0,0,10,18,23,0,0
3,0,0,4,4,12,0,0
3,0,1,5,22,31,8,0
3,0,0,8,10,9,0,0
3,0,0,7,15,8,0,0
3,0,0,7,18,37,0,0
3,0,0,3,12,15,0,0
3,0,1,4,5,24,0,0
3,0,0,15,20,28,0,0
3,0,3,8,22,31,7,0
3,0,7,9,29,43,15,0
3,0,0,1,11,17,0,0
3,0,0,9,25,21,0,0
3,0,0,7,19,8,0,0
3,0,13,27,25,24,11,0
3,0,1,13,20,14,3,0
3,0,0,3,8,16,0,0
3,0,4,23,27,22,7,0
3,0,1,13,23,30,5,0
3,0,0,9,19,23,0,0
3,0,0,4,19,24,0,0
3,0,0,0,10,11,0,0
3,0,0,7,20,15,0,0
3,0,0,12,32,14,0,0
3,0,3,13,19,22,8,0
3,0,2,16,19,20,7,0
3,0,3,12,16,22,11,0
3,0,0,19,27,34,0,0
3,0,0,22,32,24,0,0
3,0,0,7,19,17,0,0
3,0,2,14,25,16,4,0
3,0,0,5,13,17,0,0
3,0,2,13,14,18,0,0
3,0,4,10,20,17,8,0
3,0,0,12,17,9,5,0
3,0,0,13,25,37,0,0
3,0,0,10,22,37,0,0
3,0,1,11,19,28,9,0
3,0,2,8,17,24,5,0
3,0,3,16,18,23,10,0
3,0,0,14,23,24,0,0
3,0,0,3,11,13,0,0
3,0,0,6,19,16,0,0
3,0,0,3,21,15,0,0
3,0,0,4,17,20,0,0
3,0,3,12,24,27,4,0
3,0,0,6,9,15,0,0
3,0,0,7,22,10,0,0
3,0,0,12,26,10,0,0
3,0,0,3,11,14,0,0
3,0,0,3,23,18,0,0
3,0,2,19,23,25,9,0
3,0,10,20,21,29,10,0
3,0,0,14,18,23,0,0
3,0,0,14,27,34,0,0
3,0,0,14,24,32,0,0
3,0,0,14,28,35,0,0
3,0,1,13,16,21,0,0
3,0,7,7,5,20,24,0
3,0,0,7,15,17,0,0
3,0,0,4,13,5,0,0
3,0,2,15,29,44,10,0
3,0,0,14,34,21,0,0
3,0,0,10,26,39,0,0
3,0,5,17,19,28,8,0
3,0,3,14,16,23,14,0
3,0,3,17,16,25,10,0
3,0,0,7,19,16,0,0
3,0,0,5,9,15,0,0
3,0,0,1,11,0,0,0
3,0,0,5,22,26,0,0
3,0,8,15,26,16,13,0
3,0,0,5,13,8,0,0
3,0,0,1,10,17,0,0
3,0,0,6,14,6,0,0
3,0,0,10,22,21,0,0
3,0,0,20,24,21,0,0
3,0,0,14,22,19,0,0
3,0,0,3,14,12,0,0
3,0,0,8,12,10,0,0
3,0,3,16,15,23,11,0
3,0,2,10,19,27,8,0
3,0,0,13,31,36,0,0
3,0,0,13,20,31,0,0
3,0,1,17,24,49,0,0
3,0,2,15,15,20,5,0
3,0,0,7,15,15,0,0
3,0,0,5,18,19,0,0
3,0,2,15,18,20,0,0
3,0,0,14,30,31,0,0
3,0,0,9,20,27,0,0
3,0,0,10,26,34,0,0
3,0,1,10,22,15,4,0
3,0,1,11,15,23,5,0
3,0,0,9,21,16,0,0
3,0,0,7,21,20,0,0
3,0,0,8,27,20,0,0
3,0,0,11,29,26,0,0
3,0,0,5,15,5,0,0
3,0,0,12,24,35,0,0
3,0,0,1,11,14,0,0
3,0,0,7,19,20,0,0
3,0,1,9,20,24,0,0
3,0,0,15,26,25,0,0
3,0,0,13,25,22,0,0
3,0,0,3,16,20,0,0
3,0,3,17,18,28,18,0
3,0,2,15,18,23,5,0
3,0,6,5,13,23,27,0
3,0,0,10,21,29,0,0
3,0,0,8,24,34,0,0
3,0,0,9,12,15,0,0
3,0,0,12,21,16,0,0
3,0,6,18,19,21,11,0
3,0,8,16,20,23,9,0
3,0,0,9,21,9,0,0
3,0,0,10,16,26,0,0
3,0,3,19,35,23,3,0
3,0,1,21,33,46,0,0
3,0,3,16,17,24,4,0
3,0,2,15,17,20,5,0
3,0,4,14,20,16,5,0
3,0,0,3,22,17,0,0
3,0,0,1,8,11,0,0
3,0,0,3,16,19,0,0
3,0,0,9,16,18,0,0
3,0,0,5,24,20,0,0
3,0,0,4,17,24,0,0
3,0,0,3,12,11,0,0
3,0,0,5,10,11,0,0
3,0,0,6,27,22,0,0
3,0,0,5,24,17,0,0
3,0,1,8,17,23,5,0
3,0,2,13,28,19,4,0
3,0,0,4,12,17,0,0
3,0,6,10,15,21,24,0
3,0,5,12,16,23,11,0
3,0,2,13,17,23,8,0
3,0,0,18,29,47,0,0
3,0,0,12,25,41,0,0
3,0,2,11,21,13,0,0
3,0,0,13,18,17,0,0
3,0,0,8,16,11,0,0
3,0,0,4,18,15,0,0
3,0,0,8,16,13,0,0
3,0,0,8,11,24,0,0
3,0,0,14,34,32,0,0
3,0,0,17,32,26,0,0
3,0,1,16,14,28,0,0
3,0,6,14,17,14,10,0
3,0,0,3,19,10,0,0
3,0,0,1,14,11,0,0
3,0,0,3,24,20,0,0
3,0,0,11,22,20,0,0
3,0,0,16,32,26,0,0
3,0,0,2,11,17,0,0
3,0,0,7,23,13,0,0
3,0,0,4,22,26,0,0
3,0,0,4,9,18,0,0
3,0,0,4,15,26,0,0
3,0,0,2,14,15,0,0
3,0,0,2,10,11,0,0
3,0,0,3,18,25,0,0
3,0,0,4,10,15,0,0
3,0,0,9,25,12,0,0
3,0,0,8,18,9,0,0
3,0,0,3,16,14,0,0
3,0,0,4,15,7,0,0
3,0,3,14,22,20,9,0
3,0,1,13,11,25,0,0
3,0,4,6,14,20,23,0
3,0,2,13,25,37,5,0
3,0,0,18,23,32,0,0
3,0,1,15,22,38,0,0
3,0,1,6,13,22,5,0
3,0,0,10,13,10,0,0
3,0,0,10,13,17,5,0
3,0,3,8,20,13,6,0
3,0,3,31,36,38,4,0
3,0,0,18,25,38,0,0
3,0,1,19,27,45,0,0
3,0,8,14,19,16,9,0
3,0,2,15,17,22,5,0
3,0,1,11,18,21,6,0
3,0,0,2,13,12,0,0
3,0,0,2,17,5,0,0
3,0,0,3,19,11,0,0
3,0,0,11,26,21,0,0
3,0,0,4,12,16,0,0
3,0,0,2,10,11,0,0
3,0,0,5,21,21,0,0
3,0,0,9,25,19,0,0
3,0,0,3,12,19,0,0
3,0,0,4,14,12,0,0
3,0,0,7,14,17,0,0
3,0,0,7,18,24,0,0
3,0,0,3,22,21,0,0
3,0,0,3,14,14,0,0
3,0,0,7,22,18,0,0
3,0,0,5,21,23,0,0
3,0,9,17,18,17,12,0
3,0,3,16,23,26,4,0
3,0,0,2,15,8,0,0
3,0,1,13,17,28,5,0
3,0,3,11,18,24,9,0
3,0,0,10,38,33,0,0
3,0,0,11,27,31,0,0
3,0,0,9,22,25,0,0
3,0,0,4,12,11,0,0
3,0,2,11,12,37,4,0
3,0,2,8,19,17,3,0
3,0,0,10,17,15,0,0
3,0,0,10,24,28,0,0
3,0,0,8,23,38,0,0
3,0,5,14,24,37,4,0
3,0,2,16,17,27,13,0
3,0,0,9,19,23,0,0
3,0,0,4,13,15,0,0
3,0,6,13,18,24,11,0
3,0,3,13,20,24,8,0
3,0,3,4,15,29,13,0
3,0,0,13,20,12,0,0
3,0,0,7,24,14,0,0
3,0,0,5,17,12,0,0
3,0,0,4,12,17,0,0
3,0,0,5,18,19,0,0
3,0,0,3,8,15,0,0
3,0,0,4,23,12,0,0
3,0,0,4,12,14,0,0
3,0,0,4,25,24,0,0
3,0,0,3,18,19,0,0
3,0,0,4,11,18,0,0
3,0,0,4,17,22,0,0
3,0,0,4,17,19,0,0
3,0,0,6,16,12,0,0
3,0,3,16,21,26,4,0
3,0,4,10,18,28,13,0
3,0,4,7,19,22,15,0
3,0,0,22,30,29,0,0
3,0,1,14,30,42,8,0
3,0,0,5,18,11,0,0
3,0,1,9,13,23,3,0
3,0,0,7,15,18,0,0
3,0,0,5,14,22,0,0
3,0,2,10,15,20,4,0
3,0,0,9,20,14,0,0
3,0,0,11,26,42,0,0
3,0,0,16,25,24,0,0
3,0,1,13,20,29,0,0
3,0,4,15,22,25,9,0
3,0,8,17,20,27,13,0
3,0,0,2,13,9,0,0
3,0,0,13,22,26,0,0
3,0,0,4,17,18,0,0
3,0,0,3,12,30,0,0
3,0,0,2,9,19,0,0
3,0,0,2,6,17,0,0
3,0,0,3,18,26,0,0
3,0,0,11,20,9,0,0
3,0,0,5,14,17,0,0
3,0,0,3,30,23,0,0
3,0,0,8,23,20,0,0
3,0,0,6,16,18,0,0
3,0,6,17,28,30,33,0
3,0,1,8,15,23,6,0
3,0,2,10,20,28,10,0
3,0,0,4,13,5,0,0
3,0,0,5,11,12,0,0
3,0,0,4,17,6,0,0
3,0,2,12,27,46,7,0
3,0,3,17,25,43,6,0
3,0,0,12,19,20,0,0
3,0,0,8,18,30,0,0
3,0,0,11,27,10,0,0
3,0,0,11,19,21,0,0
3,0,0,9,17,18,0,0
3,0,2,11,22,26,15,0
3,0,0,6,9,23,0,0
3,0,0,2,7,15,0,0
3,0,2,11,19,23,9,0
3,0,2,12,15,10,3,0
3,0,0,9,15,21,0,0
3,0,0,9,17,18,0,0
3,0,0,8,16,18,0,0
3,0,0,0,10,25,1,0
3,0,0,14,35,45,3,0
3,0,0,6,19,19,0,0
3,0,0,7,15,11,0,0
3,0,0,3,13,14,0,0
3,0,0,5,16,2,0,0
3,0,2,12,20,28,10,0
3,0,0,13,16,27,5,0
3,0,5,28,23,29,26,0
3,0,0,5,24,17,0,0
3,0,0,4,12,20,0,0
3,0,0,3,14,13,0,0
3,0,0,5,20,27,0,0
3,0,0,7,14,16,0,0
3,0,0,4,23,22,0,0
3,0,0,9,32,16,0,0
3,0,0,2,13,8,0,0
3,0,0,5,29,19,0,0
3,0,2,8,16,29,11,0
3,0,3,14,22,26,17,0
3,0,0,1,12,9,0,0
3,0,0,5,17,10,0,0
3,0,0,15,26,50,0,0
3,0,0,6,16,21,0,0
3,0,3,6,13,34,21,0
3,0,0,16,30,24,0,0
3,0,0,12,22,19,0,0
3,0,0,20,17,25,0,0
3,0,0,2,6,11,0,0
3,0,2,6,10,18,6,0
3,0,2,4,10,19,7,0
3,0,0,5,5,19,0,0
3,0,0,9,14,21,0,0
3,0,1,16,14,23,5,0
3,0,2,14,23,35,4,0
3,0,0,11,21,31,0,0
3,0,0,10,25,20,0,0
3,0,4,14,31,42,6,0
3,0,0,2,11,8,0,0
3,0,0,3,13,20,0,0
3,0,4,13,23,30,12,0
3,0,7,22,30,21,17,0
3,0,0,7,28,15,0,0
3,0,0,5,35,11,0,0
3,0,0,5,9,13,0,0
3,0,0,1,11,17,0,0
3,0,0,6,21,23,0,0
3,0,0,3,20,27,0,0
3,0,0,8,25,23,0,0
3,0,0,4,15,9,0,0
3,0,0,1,14,9,0,0
3,0,1,3,17,15,6,0
3,0,1,14,22,26,0,0
3,0,0,7,20,26,0,0
3,0,0,5,15,8,0,0
3,0,0,4,16,11,0,0
3,0,0,12,24,34,0,0
3,0,0,11,22,24,0,0
3,0,0,8,13,33,0,0
3,0,0,8,23,23,0,0
3,0,0,6,11,15,0,0
3,0,3,11,11,24,6,0
3,0,0,7,13,16,0,0
3,0,0,5,8,10,0,0
3,0,0,3,7,19,0,0
3,0,0,2,7,14,0,0
3,0,0,2,9,13,0,0
3,0,0,7,15,11,0,0
3,0,0,4,12,15,0,0
3,0,0,13,19,33,0,0
3,0,0,10,19,32,0,0
3,0,2,14,19,28,6,0
3,0,1,24,30,39,2,0
3,0,0,3,15,14,0,0
3,0,0,3,13,12,0,0
3,0,2,11,24,27,9,0
3,0,1,9,18,24,0,0
3,0,0,1,11,10,0,0
3,0,1,7,19,23,0,0
3,0,0,6,29,9,0,0
3,0,0,11,11,19,0,0
3,0,1,12,25,29,0,0
3,0,4,23,29,22,5,0
3,0,0,5,23,11,0,0
3,0,0,6,13,6,0,0
3,0,0,6,18,9,0,0
3,0,0,1,19,14,0,0
3,0,2,14,20,28,11,0
3,0,8,14,15,0,1,0
3,0,0,5,14,11,0,0
3,0,0,4,21,8,0,0
3,0,0,4,15,10,0,0
3,0,0,6,17,21,0,0
3,0,2,11,22,21,0,0
3,0,0,12,31,36,0,0
3,0,2,3,19,28,6,0
3,0,0,5,22,19,0,0
3,0,0,7,8,24,0,0
3,0,2,12,20,20,0,0
3,0,0,2,12,12,0,0
3,0,0,2,7,18,0,0
3,0,3,8,18,27,17,0
3,0,0,3,10,11,0,0
3,0,0,7,18,26,0,0
3,0,0,12,18,27,0,0
3,0,0,11,29,30,0,0
3,0,0,14,21,28,0,0
3,0,0,11,23,19,0,0
3,0,0,1,14,7,0,0
3,0,0,2,15,16,0,0
3,0,0,3,17,8,0,0
3,0,1,5,17,27,5,0
3,0,1,10,19,30,4,0
3,0,0,4,10,14,0,0
3,0,0,6,22,26,0,0
3,0,0,10,27,18,0,0
3,0,0,5,17,14,0,0
3,0,2,12,16,23,5,0
4,0,0,18,14,18,0,0
4,0,0,18,13,14,0,0
4,0,0,15,17,19,0,0
4,0,0,15,22,20,0,0
4,0,0,10,25,4,0,0
4,0,1,8,24,18,1,0
4,0,0,5,16,19,0,0
4,0,1,12,35,5,1,0
4,0,8,14,21,2,0,0
4,0,0,15,7,19,0,0
4,0,0,25,8,24,0,0
4,0,0,22,6,22,0,0
4,0,0,2,27,4,0,0
4,0,0,20,7,33,0,0
4,0,0,12,10,11,0,0
4,0,0,22,5,18,0,0
4,0,0,8,15,17,0,0
4,0,0,24,8,25,0,0
4,0,0,14,5,19,0,0
4,0,0,17,6,25,0,0
4,0,0,0,18,6,24,0
4,0,0,15,6,20,0,0
4,0,3,9,27,4,1,0
4,0,1,8,22,11,1,0
4,0,1,11,26,14,1,0
4,0,0,10,24,5,0,0
4,0,0,19,13,18,0,0
4,0,4,21,18,17,4,0
4,0,0,11,20,21,0,0
4,0,0,23,10,24,0,0
4,0,0,20,19,16,0,0
4,0,0,16,21,10,0,0
4,0,0,11,18,7,0,0
4,0,0,13,23,16,0,0
4,0,0,16,21,11,0,0
4,0,0,22,21,22,0,0
4,0,1,9,26,4,0,0
4,0,0,7,12,20,0,0
4,0,0,6,11,21,0,0
4,0,0,21,8,31,0,0
4,0,0,17,6,33,0,0
4,0,3,26,7,40,8,0
4,0,0,7,19,5,0,0
4,0,0,8,22,3,0,0
4,0,0,11,19,8,0,0
4,0,0,20,8,18,0,0
4,0,12,14,7,23,7,0
4,0,9,22,7,38,4,0
4,0,0,18,15,11,0,0
4,0,0,8,5,22,0,0
4,0,0,17,7,40,0,0
4,0,0,15,6,30,0,0
4,0,0,10,23,4,0,0
4,0,1,12,18,20,0,0
4,0,0,21,25,19,0,0
4,0,0,3,20,11,0,0
4,0,0,14,8,25,0,0
4,0,0,16,14,23,0,0
4,0,0,25,21,14,0,0
4,0,0,19,14,18,0,0
4,0,0,13,21,18,0,0
4,0,0,16,22,12,0,0
4,0,1,27,20,24,3,0
4,0,0,11,26,8,0,0
4,0,0,14,16,2,0,0
4,0,0,16,17,28,0,0
4,0,3,11,33,4,2,0
4,0,0,5,28,17,1,0
4,0,0,16,6,36,0,0
4,0,0,17,8,25,0,0
4,0,0,18,8,36,0,0
4,0,2,23,11,4,0,0
4,0,0,14,5,17,0,0
4,0,2,16,4,35,0,0
4,0,0,10,11,11,0,0
4,0,0,14,6,17,0,0
4,0,0,13,13,7,0,0
4,0,0,27,9,39,0,0
4,0,7,13,33,6,2,0
4,0,0,20,8,35,0,0
4,0,0,19,22,22,0,0
4,0,0,16,7,23,0,0
4,0,3,14,26,6,1,0
4,0,0,8,22,3,0,0
4,0,0,22,4,36,0,0
4,0,2,23,23,23,0,0
4,0,0,16,11,20,0,0
4,0,0,14,16,20,0,0
4,0,4,32,27,31,0,0
4,0,0,30,21,16,0,0
4,0,3,19,28,34,7,0
4,0,0,11,12,13,0,0
4,0,0,18,6,28,0,0
4,0,0,14,22,20,0,0
4,0,0,23,12,20,0,0
4,0,0,9,25,16,0,0
4,0,0,11,7,34,0,0
4,0,1,8,27,4,1,0
4,0,4,15,27,22,2,0
4,0,0,20,9,32,0,0
4,0,1,0,13,29,0,0
4,0,5,17,6,19,0,0
4,0,0,20,13,28,0,0
4,0,0,9,19,5,0,0
4,0,0,20,5,24,0,0
4,0,0,10,12,11,0,0
4,0,0,26,4,30,0,0
4,0,0,14,7,17,0,0
4,0,0,13,6,19,0,0
4,0,0,15,14,28,0,0
4,0,0,8,7,26,0,0
4,0,3,14,26,27,12,0
4,0,1,10,31,10,1,0
4,0,0,13,5,21,0,0
4,0,1,7,24,4,0,0
4,0,4,21,15,31,0,0
4,0,0,15,17,13,0,0
4,0,0,13,19,2,0,0
4,0,0,17,18,22,0,0
4,0,0,19,12,30,0,0
4,0,0,11,21,6,0,0
4,0,0,8,4,9,0,0
4,0,0,6,22,3,0,0
4,0,0,7,10,21,0,0
4,0,0,11,7,21,0,0
4,0,0,13,3,22,0,0
4,0,0,15,6,24,0,0
4,0,0,15,8,26,0,0
4,0,1,13,22,18,6,0
4,0,3,8,23,16,1,0
4,0,6,21,45,4,1,0
4,0,2,14,42,6,1,0
4,0,3,11,26,4,0,0
4,0,6,33,23,7,6,0
4,0,2,16,32,4,2,0
4,0,1,7,15,18,0,0
4,0,2,9,16,18,7,0
4,0,0,13,10,21,0,0
4,0,0,18,2,23,0,0
4,0,0,10,4,28,0,0
4,0,0,9,7,19,0,0
4,0,0,11,23,4,0,0
4,0,2,26,4,18,13,0
4,0,0,25,11,47,0,0
4,0,0,16,7,19,0,0
4,0,0,18,6,18,0,0
4,0,2,12,23,5,1,0
4,0,0,19,8,27,0,0
4,0,0,11,4,19,0,0
4,0,0,11,20,5,0,0
4,0,0,16,11,25,0,0
4,0,0,15,5,20,0,0
4,0,0,16,6,20,0,0
4,0,0,16,6,41,0,0
4,0,2,9,25,21,5,0
4,0,2,11,20,20,5,0
4,0,1,6,26,18,0,0
4,0,4,13,38,5,2,0
4,0,2,11,27,5,1,0
4,0,4,14,31,5,2,0
4,0,0,7,21,1,0,0
4,0,0,10,32,4,0,0
4,0,3,9,18,21,6,0
4,0,2,11,20,19,2,0
4,0,0,18,4,29,0,0
4,0,0,18,5,31,0,0
4,0,0,17,5,17,0,0
4,0,0,17,7,34,0,0
4,0,0,9,24,3,0,0
4,0,0,14,7,21,0,0
4,0,0,17,8,44,0,0
4,0,0,20,6,17,0,0
4,0,5,13,24,4,1,0
4,0,1,8,27,4,0,0
4,0,1,15,19,4,0,0
4,0,0,17,10,21,0,0
4,0,0,12,11,19,0,0
4,0,0,13,6,20,0,0
4,0,0,12,5,19,0,0
4,0,1,11,15,22,1,0
4,0,0,21,2,31,0,0
4,0,0,12,8,22,0,0
4,0,0,7,20,16,0,0
4,0,1,11,21,16,2,0
4,0,4,12,15,16,2,0
4,0,0,14,2,19,0,0
4,0,2,9,27,0,0,0
4,0,16,25,32,6,2,0
4,0,0,12,3,24,0,0
4,0,4,12,23,24,3,0
4,0,2,12,22,17,4,0
4,0,4,9,24,21,7,0
4,0,0,23,4,37,0,0
4,0,0,14,9,23,0,0
4,0,1,7,14,14,0,0
4,0,0,25,9,31,0,0
4,0,0,14,8,23,0,0
4,0,0,14,6,19,0,0
4,0,2,9,25,4,0,0
4,0,0,11,10,16,0,0
4,0,0,8,15,4,0,0
4,0,0,21,27,8,0,0
4,0,0,9,5,22,0,0
4,0,0,5,11,15,0,0
4,0,0,17,7,22,0,0
4,0,0,8,19,2,0,0
4,0,0,20,5,29,0,0
4,0,0,13,4,21,0,0
4,0,4,20,6,36,0,0
4,0,0,8,14,15,0,0
4,0,2,9,21,21,4,0
4,0,6,30,13,5,2,0
4,0,1,11,28,4,1,0
4,0,0,24,4,30,0,0
4,0,0,13,4,19,0,0
4,0,0,10,32,8,0,0
4,0,3,9,32,3,1,0
4,0,1,10,25,19,2,0
4,0,1,13,26,25,11,0
4,0,1,23,5,24,10,0
4,0,0,12,4,34,0,0
4,0,0,10,6,21,0,0
4,0,0,12,6,23,0,0
4,0,0,11,24,3,0,0
4,0,0,12,5,20,0,0
4,0,0,7,7,21,0,0
4,0,0,13,28,7,0,0
4,0,0,19,13,20,0,0
4,0,0,6,15,10,0,0
4,0,0,4,21,3,0,0
4,0,0,20,23,13,0,0
4,0,0,9,10,23,0,0
4,0,0,15,8,23,0,0
4,0,0,10,9,15,0,0
4,0,1,11,21,14,0,0
4,0,0,14,2,21,0,0
4,0,0,16,6,32,0,0
4,0,1,19,4,32,0,0
4,0,0,10,29,15,0,0
4,0,2,9,23,14,1,0
4,0,1,11,21,4,0,0
4,0,4,12,36,6,2,0
4,0,7,15,48,4,4,0
4,0,5,13,33,5,0,0
4,0,0,12,26,4,0,0
4,0,7,23,12,5,3,0
4,0,3,8,20,19,2,0
4,0,0,9,24,15,0,0
4,0,0,17,4,21,0,0
4,0,0,17,7,37,0,0
4,0,0,4,14,10,0,0
4,0,1,8,28,7,0,0
4,0,0,3,15,8,0,0
4,0,0,11,10,15,0,0
4,0,0,12,14,20,0,0
4,0,0,12,19,4,0,0
4,0,0,24,17,10,0,0
4,0,0,20,19,11,0,0
4,0,0,5,24,6,0,0
4,0,0,9,25,10,0,0
4,0,0,4,16,11,0,0
4,0,0,8,28,6,0,0
4,0,0,8,26,14,0,0
4,0,0,6,25,2,0,0
4,0,0,11,4,21,0,0
4,0,0,21,4,17,0,0
4,0,1,9,21,9,0,0
4,0,1,8,29,13,0,0
4,0,0,24,8,36,0,0
4,0,0,19,6,22,0,0
4,0,0,15,5,20,0,0
4,0,2,10,17,20,1,0
4,0,4,11,38,10,2,0
4,0,0,6,15,12,0,0
4,0,1,10,31,4,0,0
4,0,7,13,32,5,3,0
4,0,12,18,33,6,2,0
4,0,3,14,47,5,1,0
4,0,1,13,21,14,0,0
4,0,1,13,20,21,0,0
4,0,3,11,27,12,2,0
4,0,0,16,4,21,0,0
4,0,0,15,2,25,0,0
4,0,0,10,7,30,0,0
4,0,0,8,44,4,0,0
4,0,1,5,22,4,0,0
4,0,0,11,7,20,0,0
4,0,0,11,6,21,0,0
4,0,0,3,26,2,0,0
4,0,0,8,21,3,1,0
4,0,0,17,13,14,0,0
4,0,0,9,24,5,0,0
4,0,0,10,15,4,1,0
4,0,0,8,22,3,0,0
4,0,0,7,25,4,0,0
4,0,0,10,6,15,0,0
4,0,0,19,19,21,0,0
4,0,0,9,21,4,0,0
4,0,0,3,9,17,0,0
4,0,0,17,8,37,0,0
4,0,0,17,5,19,0,0
4,0,0,13,3,31,0,0
4,0,0,6,27,3,0,0
4,0,0,19,4,21,0,0
4,0,0,14,8,22,0,0
4,0,5,8,16,26,7,0
4,0,1,6,14,21,4,0
4,0,0,5,24,12,0,0
4,0,7,16,37,7,4,0
4,0,11,16,27,7,1,0
4,0,1,12,30,7,1,0
4,0,0,9,26,5,0,0
4,0,3,11,26,5,2,0
4,0,0,6,17,17,0,0
4,0,0,8,21,16,0,0
4,0,0,14,5,22,0,0
4,0,0,11,8,25,0,0
4,0,1,8,34,4,0,0
4,0,0,18,8,24,0,0
4,0,0,13,5,17,0,0
4,0,0,18,19,7,0,0
4,0,0,4,10,16,0,0
4,0,0,14,11,16,0,0
4,0,5,12,18,3,1,0
4,0,0,8,26,4,0,0
4,0,0,11,11,24,0,0
4,0,0,9,21,1,0,0
4,0,0,18,7,20,0,0
4,0,0,10,26,4,0,0
4,0,0,24,7,11,0,0
4,0,0,11,25,12,0,0
4,0,0,5,28,2,0,0
4,0,0,11,4,26,0,0
4,0,0,11,19,9,0,0
4,0,1,10,37,6,0,0
4,0,0,13,3,19,0,0
4,0,0,19,4,22,0,0
4,0,0,13,8,17,0,0
4,0,0,7,26,9,0,0
4,0,0,7,17,16,0,0
4,0,4,12,37,4,1,0
4,0,13,28,18,5,3,0
4,0,2,15,31,7,1,0
4,0,5,16,36,8,2,0
4,0,2,12,36,5,0,0
4,0,5,11,34,4,2,0
4,0,1,11,15,24,4,0
4,0,0,6,31,4,0,0
4,0,0,12,7,20,0,0
4,0,0,15,6,26,0,0
4,0,0,20,4,28,0,0
4,0,0,4,26,2,0,0
4,0,0,12,13,17,0,0
4,0,0,17,7,30,0,0
4,0,0,17,8,23,0,0
4,0,0,3,26,2,0,0
4,0,3,9,21,4,1,0
4,0,0,18,18,8,0,0
4,0,0,18,8,24,0,0
4,0,0,8,20,0,0,0
4,0,0,23,14,18,0,0
4,0,0,12,28,6,0,0
4,0,1,10,16,5,0,0
4,0,3,25,14,23,0,0
4,0,0,12,24,16,0,0
4,0,18,7,32,0,0,0
4,0,0,8,18,11,0,0
4,0,0,5,30,6,0,0
4,0,1,7,32,6,0,0
4,0,2,11,23,25,1,0
4,0,2,17,40,15,0,0
4,0,0,20,5,25,0,0
4,0,0,1,22,13,0,0
4,0,0,14,4,20,0,0
4,0,4,20,20,3,0,0
4,0,5,12,26,4,1,0
4,0,0,20,9,33,0,0
4,0,0,19,4,26,0,0
4,0,0,15,5,17,0,0
4,0,0,15,12,17,0,0
4,0,0,11,7,16,0,0
4,0,4,15,16,0,0,0
4,0,1,12,24,7,1,0
4,0,0,0,15,6,40,0
4,0,0,19,6,22,0,0
4,0,0,12,4,20,0,0
4,0,0,9,33,27,1,0
4,0,0,14,16,23,0,0
4,0,2,11,26,4,2,0
4,0,0,8,20,16,0,0
4,0,0,6,13,19,0,0
4,0,0,23,14,23,0,0
4,0,0,14,28,14,0,0
4,0,0,19,11,28,0,0
4,0,0,3,21,11,0,0
4,0,0,7,20,3,0,0
4,0,0,7,18,7,0,0
4,0,0,19,20,20,0,0
4,0,0,11,18,5,0,0
4,0,0,16,24,26,0,0
4,0,0,12,14,22,0,0
4,0,0,10,22,3,0,0
4,0,0,19,20,9,0,0
4,0,0,23,9,28,0,0
4,0,0,17,23,17,0,0
4,0,2,8,33,4,1,0
4,0,0,8,26,4,0,0
4,0,2,16,31,23,2,0
4,0,0,15,8,33,0,0
4,0,0,13,5,31,0,0
4,0,0,15,6,35,0,0
4,0,2,13,27,6,1,0
4,0,4,12,29,4,1,0
4,0,3,26,5,19,9,0
4,0,0,15,12,14,0,0
4,0,0,10,14,18,0,0
4,0,0,18,9,19,0,0
4,0,0,19,10,17,0,0
4,0,0,11,19,10,0,0
4,0,6,34,4,4,2,0
4,0,2,11,39,9,2,0
4,0,0,15,6,30,0,0
4,0,0,16,8,28,0,0
4,0,0,19,8,31,0,0
4,0,1,15,32,28,3,0
4,0,2,6,28,4,1,0
4,0,0,6,23,0,0,0
4,0,0,23,25,17,0,0
4,0,0,20,23,21,0,0
4,0,0,20,14,12,0,0
4,0,0,20,10,14,0,0
4,0,0,9,23,4,0,0
4,0,0,5,22,5,0,0
4,0,0,11,24,13,0,0
4,0,0,22,7,28,0,0
4,0,0,17,24,8,0,0
4,0,1,8,18,3,0,0
4,0,0,2,25,3,0,0
4,0,0,18,13,26,0,0
4,0,4,26,20,35,4,0
4,0,0,16,20,26,0,0
4,0,3,10,29,4,1,0
4,0,0,7,26,3,0,0
4,0,0,12,18,25,1,0
4,0,0,9,17,18,0,0
4,0,0,14,6,30,0,0
4,0,0,12,7,39,0,0
4,0,0,19,20,7,0,0
4,0,6,25,15,5,1,0
4,0,11,14,30,4,2,0
4,0,0,12,7,13,0,0
4,0,0,18,5,22,0,0
4,0,0,12,5,16,0,0
4,0,10,15,5,8,19,0
4,0,0,9,13,6,0,0
4,0,3,18,15,5,1,0
4,0,0,15,13,21,0,0
4,0,0,12,4,26,0,0
4,0,0,9,4,25,0,0
4,0,0,15,4,29,0,0
4,0,3,12,32,19,2,0
4,0,0,8,23,4,0,0
4,0,0,6,28,3,0,0
4,0,0,24,11,31,0,0
4,0,2,19,34,23,0,0
4,0,0,7,27,3,0,0
4,0,0,12,15,20,0,0
4,0,0,14,22,15,0,0
4,0,0,7,23,5,0,0
4,0,0,16,14,19,0,0
4,0,0,21,32,17,0,0
4,0,0,4,18,12,0,0
4,0,0,9,27,5,0,0
4,0,0,6,20,3,0,0
4,0,0,20,19,9,0,0
4,0,0,21,28,16,0,0
4,0,0,24,6,33,0,0
4,0,1,7,18,15,0,0
4,0,0,7,9,23,2,0
4,0,2,13,21,6,1,0
4,0,0,18,8,38,0,0
4,0,0,0,16,15,20,0
4,0,1,9,29,23,2,0
4,0,0,22,8,32,0,0
4,0,0,8,9,22,0,0
4,0,0,15,6,18,0,0
4,0,1,11,34,5,1,0
4,0,0,17,9,18,0,0
4,0,0,15,5,24,4,0
4,0,0,15,4,13,0,0
4,0,0,7,12,6,0,0
4,0,8,30,5,4,3,0
4,0,0,13,15,13,0,0
4,0,0,25,8,42,0,0
4,0,0,11,7,33,0,0
4,0,2,7,26,16,2,0
4,0,0,17,6,34,0,0
4,0,1,12,8,31,0,0
4,0,0,5,25,6,0,0
4,0,1,7,22,4,0,0
4,0,0,6,14,23,0,0
4,0,0,13,19,26,0,0
4,0,0,20,21,24,0,0
4,0,0,5,17,14,0,0
4,0,0,14,17,12,0,0
4,0,0,17,17,13,0,0
4,0,0,9,25,4,0,0
4,0,0,23,21,18,0,0
5,0,6,28,18,23,0,0
5,0,1,20,19,23,0,0
5,0,0,25,16,14,0,0
5,0,3,34,23,22,17,0
5,0,0,13,9,15,0,0
5,0,0,13,17,18,0,0
5,0,0,9,11,18,0,0
5,0,0,11,12,8,0,0
5,0,2,35,24,30,3,0
5,0,1,19,21,35,0,0
5,0,0,22,14,22,0,0
5,0,1,5,14,12,0,0
5,0,0,5,6,7,0,0
5,0,1,22,19,23,0,0
5,0,0,17,13,11,0,0
5,0,1,13,12,11,2,0
5,0,0,14,12,9,0,0
5,0,5,10,27,25,10,0
5,0,1,14,8,11,4,0
5,0,0,27,20,20,0,0
5,0,0,24,19,23,0,0
5,0,5,30,24,32,5,0
5,0,0,13,15,10,0,0
5,0,0,14,14,15,0,0
5,0,0,16,16,11,0,0
5,0,0,14,11,16,0,0
5,0,0,5,24,12,0,0
5,0,0,25,15,21,0,0
5,0,0,25,38,33,0,0
5,0,0,17,15,17,0,0
5,0,5,38,29,23,13,0
5,0,0,23,21,13,0,0
5,0,0,26,15,11,0,0
5,0,2,32,20,25,5,0
5,0,0,15,11,14,0,0
5,0,4,32,19,24,15,0
5,0,0,16,12,8,0,0
5,0,0,13,14,19,0,0
5,0,0,19,21,24,0,0
5,0,10,30,23,26,2,0
5,0,0,15,25,26,0,0
5,0,1,4,31,20,0,0
5,0,0,13,17,10,0,0
5,0,1,11,15,19,1,0
5,0,0,2,15,11,0,0
5,0,2,17,11,10,0,0
5,0,1,25,17,21,0,0
5,0,0,13,20,15,0,0
5,0,0,24,19,17,0,0
5,0,4,28,24,33,7,0
5,0,0,23,19,14,0,0
5,0,0,16,15,12,0,0
5,0,0,16,17,12,0,0
5,0,1,22,19,16,5,0
5,0,0,6,18,18,0,0
5,0,0,9,23,16,0,0
5,0,0,22,13,18,0,0
5,0,2,21,22,24,16,0
5,0,0,24,24,17,0,0
5,0,0,5,28,18,0,0
5,0,0,18,23,15,0,0
5,0,14,31,19,20,14,0
5,0,3,19,21,22,12,0
5,0,2,18,17,15,0,0
5,0,0,24,19,20,6,0
5,0,0,12,11,9,0,0
5,0,0,15,16,15,0,0
5,0,0,24,18,25,0,0
5,0,0,28,19,21,0,0
5,0,0,0,1,19,18,0
5,0,1,24,13,15,0,0
5,0,0,12,13,10,0,0
5,0,3,20,25,24,10,0
5,0,2,6,11,9,2,0
5,0,2,4,14,3,1,0
5,0,0,1,16,9,0,0
5,0,2,6,25,17,14,0
5,0,0,18,14,14,0,0
5,0,1,1,29,21,20,0
5,0,0,20,17,29,0,0
5,0,1,23,18,31,0,0
5,0,0,15,17,19,0,0
5,0,0,9,12,8,0,0
5,0,1,17,33,17,1,0
5,0,1,11,13,15,0,0
5,0,0,12,17,14,0,0
5,0,3,30,20,17,14,0
5,0,0,9,24,16,0,0
5,0,1,30,45,34,0,0
5,0,0,10,15,8,0,0
5,0,2,21,23,28,11,0
5,0,7,31,21,24,13,0
5,0,0,13,19,16,0,0
5,0,0,10,15,10,0,0
5,0,0,0,14,19,19,0
5,0,0,12,14,16,0,0
5,0,8,39,25,24,13,0
5,0,4,28,21,27,5,0
5,0,1,26,19,29,0,0
5,0,4,13,12,2,1,0
5,0,3,19,17,19,12,0
5,0,12,12,13,7,4,0
5,0,0,13,14,12,0,0
5,0,0,18,12,8,0,0
5,0,2,28,20,19,5,0
5,0,1,7,15,10,1,0
5,0,5,30,24,29,3,0
5,0,1,9,25,25,0,0
5,0,3,46,24,27,4,0
5,0,4,12,19,15,3,0
5,0,3,29,21,25,7,0
5,0,0,10,17,9,0,0
5,0,2,24,15,21,12,0
5,0,0,22,14,17,0,0
5,0,0,7,19,2,0,0
5,0,4,22,20,21,5,0
5,0,0,18,42,28,0,0
5,0,0,11,21,14,0,0
5,0,0,29,13,14,2,0
5,0,0,16,13,15,0,0
5,0,0,25,19,16,0,0
5,0,0,12,22,5,0,0
5,0,3,19,12,14,9,0
5,0,5,24,17,12,11,0
5,0,4,11,14,9,9,0
5,0,0,23,26,22,0,0
5,0,2,32,13,18,2,0
5,0,0,24,19,15,0,0
5,0,0,24,21,17,0,0
5,0,2,9,24,16,5,0
5,0,0,19,18,18,0,0
5,0,4,24,18,15,5,0
5,0,4,35,20,25,6,0
5,0,2,44,19,25,0,0
5,0,2,13,15,16,13,0
5,0,3,20,15,18,0,0
5,0,3,17,13,13,11,0
5,0,0,8,18,15,0,0
5,0,1,1,11,10,4,0
5,0,0,14,21,22,0,0
5,0,0,4,22,15,0,0
5,0,0,14,17,13,0,0
5,0,0,13,15,16,0,0
5,0,0,10,9,12,0,0
5,0,0,12,15,18,0,0
5,0,0,29,14,12,0,0
5,0,0,17,13,12,0,0
5,0,0,16,18,19,0,0
5,0,1,20,14,16,0,0
5,0,2,9,18,14,11,0
5,0,5,23,15,16,14,0
5,0,4,36,23,23,12,0
5,0,0,20,34,21,0,0
5,0,0,29,16,21,0,0
5,0,0,17,11,18,0,0
5,0,1,20,14,18,5,0
5,0,0,9,14,15,0,0
5,0,0,17,16,12,0,0
5,0,0,34,18,18,0,0
5,0,2,41,16,22,9,0
5,0,0,36,12,21,1,0
5,0,15,18,16,15,12,0
5,0,1,4,20,12,9,0
5,0,1,15,12,14,7,0
5,0,0,9,14,15,0,0
5,0,0,18,16,16,0,0
5,0,0,21,22,13,0,0
5,0,0,13,14,13,0,0
5,0,2,20,16,15,0,0
5,0,0,13,13,13,0,0
5,0,0,17,12,20,0,0
5,0,0,13,8,13,0,0
5,0,0,14,13,11,0,0
5,0,0,15,14,14,0,0
5,0,0,10,18,17,0,0
5,0,0,10,19,14,0,0
5,0,0,14,12,8,0,0
5,0,1,21,12,15,7,0
5,0,0,11,15,17,0,0
5,0,1,32,24,27,0,0
5,0,1,25,14,18,0,0
5,0,1,34,20,26,4,0
5,0,3,6,19,17,8,0
5,0,1,17,17,24,0,0
5,0,15,15,18,11,13,0
5,0,5,12,11,16,14,0
5,0,24,36,25,23,13,0
5,0,2,35,19,19,5,0
5,0,1,35,30,26,0,0
5,0,0,15,16,16,5,0
5,0,2,12,13,16,7,0
5,0,0,8,15,7,0,0
5,0,0,25,18,19,0,0
5,0,0,12,17,12,0,0
5,0,1,18,20,21,1,0
5,0,0,5,10,15,0,0
5,0,0,3,21,16,0,0
5,0,2,4,16,17,2,0
5,0,0,17,25,20,0,0
5,0,0,19,9,14,0,0
5,0,0,18,16,13,0,0
5,0,0,18,14,20,0,0
5,0,0,17,11,17,0,0
5,0,2,8,17,16,9,0
5,0,3,18,13,17,5,0
5,0,2,17,13,13,5,0
5,0,3,33,18,20,2,0
5,0,5,36,15,24,3,0
5,0,0,24,19,24,0,0
5,0,0,22,16,24,0,0
5,0,3,13,12,14,12,0
5,0,3,9,15,13,10,0
5,0,8,19,22,14,5,0
5,0,3,28,22,21,13,0
5,0,2,37,20,22,0,0
5,0,21,39,20,24,17,0
5,0,1,19,15,16,6,0
5,0,1,23,17,13,5,0
5,0,5,16,14,15,10,0
5,0,0,15,15,14,0,0
5,0,0,19,9,11,0,0
5,0,0,22,11,14,0,0
5,0,0,13,17,11,0,0
5,0,0,23,21,17,0,0
5,0,0,3,32,4,0,0
5,0,0,16,11,16,0,0
5,0,1,16,12,17,0,0
5,0,0,4,36,13,0,0
5,0,0,19,16,16,0,0
5,0,0,13,11,16,0,0
5,0,0,26,21,20,0,0
5,0,0,7,12,10,0,0
5,0,4,20,13,13,11,0
5,0,4,11,13,12,13,0
5,0,1,21,13,16,0,0
5,0,3,36,26,25,0,0
5,0,0,32,22,24,0,0
5,0,2,23,14,16,0,0
5,0,3,6,21,19,8,0
5,0,2,21,15,12,4,0
5,0,3,27,17,17,10,0
5,0,0,12,8,14,0,0
5,0,14,26,21,15,10,0
5,0,10,37,27,32,15,0
5,0,1,37,21,21,0,0
5,0,4,23,10,15,6,0
5,0,1,19,13,12,0,0
5,0,0,7,17,6,0,0
5,0,0,4,15,7,0,0
5,0,0,24,15,16,0,0
5,0,0,24,20,10,0,0
5,0,0,20,14,12,0,0
5,0,1,17,12,17,7,0
5,0,0,25,18,14,0,0
5,0,0,2,34,17,0,0
5,0,2,12,9,14,1,0
5,0,0,15,21,12,0,0
5,0,0,17,9,12,0,0
5,0,0,13,9,15,0,0
5,0,0,25,24,22,0,0
5,0,0,18,13,14,0,0
5,0,0,9,23,21,0,0
5,0,0,13,14,18,0,0
5,0,0,12,15,7,0,0
5,0,0,14,18,14,0,0
5,0,2,15,16,16,10,0
5,0,6,20,12,14,5,0
5,0,2,12,9,13,7,0
5,0,0,32,22,21,0,0
5,0,3,44,20,25,6,0
5,0,0,24,24,22,6,0
5,0,3,18,12,11,8,0
5,0,0,21,13,15,0,0
5,0,23,16,17,15,14,0
5,0,2,22,16,19,10,0
5,0,0,29,22,25,0,0
5,0,1,37,27,20,0,0
5,0,1,20,28,20,6,0
5,0,3,23,17,16,8,0
5,0,1,9,9,18,0,0
5,0,2,18,15,16,4,0
5,0,0,7,11,8,0,0
5,0,0,11,13,6,0,0
5,0,0,13,15,20,0,0
5,0,0,24,18,14,0,0
5,0,1,14,13,12,0,0
5,0,1,18,7,15,0,0
5,0,0,19,30,24,0,0
5,0,0,4,33,12,0,0
5,0,0,14,13,14,0,0
5,0,0,11,7,13,0,0
5,0,0,5,14,13,0,0
5,0,0,14,22,17,0,0
5,0,0,13,25,16,0,0
5,0,0,13,9,14,0,0
5,0,0,16,15,12,0,0
5,0,0,14,15,13,0,0
5,0,6,17,15,13,7,0
5,0,8,17,15,11,5,0
5,0,0,15,14,10,0,0
5,0,6,16,9,14,9,0
5,0,2,16,10,16,11,0
5,0,2,41,20,24,0,0
5,0,1,34,15,21,2,0
5,0,2,37,20,23,8,0
5,0,6,23,20,20,7,0
5,0,3,31,14,10,7,0
5,0,2,17,13,8,9,0
5,0,3,16,17,20,0,0
5,0,2,29,17,23,0,0
5,0,13,32,20,19,5,0
5,0,2,39,17,18,0,0
5,0,1,13,11,13,4,0
5,0,2,12,13,13,5,0
5,0,0,12,12,8,0,0
5,0,2,18,13,16,5,0
5,0,4,11,15,16,15,0
5,0,0,14,12,16,0,0
5,0,0,9,18,12,0,0
5,0,0,27,20,20,0,0
5,0,0,18,16,19,0,0
5,0,0,9,13,21,0,0
5,0,0,21,18,19,0,0
5,0,1,12,7,11,0,0
5,0,0,14,15,15,0,0
5,0,0,7,9,12,0,0
5,0,0,14,12,13,0,0
5,0,0,4,27,11,0,0
5,0,1,16,15,15,1,0
5,0,0,15,13,15,0,0
5,0,0,6,21,15,0,0
5,0,0,9,13,2,0,0
5,0,1,11,13,19,6,0
5,0,3,13,9,14,11,0
5,0,0,12,14,18,0,0
5,0,3,32,30,20,0,0
5,0,0,11,27,15,0,0
5,0,0,26,12,14,0,0
5,0,3,19,15,22,0,0
5,0,0,12,10,11,0,0
5,0,0,15,19,22,0,0
5,0,1,20,12,10,4,0
5,0,1,16,14,13,0,0
5,0,6,37,20,27,2,0
5,0,8,35,20,25,10,0
5,0,18,11,9,10,6,0
5,0,1,15,13,12,10,0
5,0,2,21,13,13,5,0
5,0,0,10,17,8,0,0
5,0,0,23,15,12,0,0
5,0,0,5,17,11,0,0
5,0,0,17,21,20,0,0
5,0,0,15,11,14,0,0
5,0,0,14,12,13,0,0
5,0,0,16,18,14,0,0
5,0,0,8,16,11,0,0
5,0,0,11,13,9,0,0
5,0,0,9,21,20,0,0
5,0,0,22,19,19,0,0
5,0,0,15,12,15,0,0
5,0,3,43,28,24,15,0
5,0,4,27,20,23,5,0
5,0,1,25,19,21,4,0
5,0,0,13,18,4,0,0
5,0,0,10,18,3,0,0
5,0,0,15,15,13,0,0
5,0,0,40,26,29,0,0
5,0,0,34,29,23,0,0
5,0,0,28,22,29,0,0
5,0,0,19,17,22,0,0
5,0,1,17,16,26,10,0
5,0,3,25,17,12,5,0
5,0,8,26,10,16,7,0
5,0,0,15,9,9,0,0
5,0,1,12,14,13,0,0
5,0,0,3,14,14,0,0
5,0,11,26,16,17,8,0
5,0,0,11,6,17,0,0
5,0,0,19,20,26,0,0
5,0,0,20,19,18,0,0
5,0,0,21,14,24,0,0
5,0,0,23,21,17,0,0
5,0,1,22,20,30,0,0
5,0,0,11,14,9,0,0
5,0,0,21,14,2,0,0
5,0,0,11,18,8,0,0
5,0,7,21,18,19,5,0
5,0,5,24,18,22,9,0
5,0,3,21,25,24,5,0
5,0,0,22,23,14,0,0
5,0,1,16,9,16,0,0
5,0,0,12,10,15,0,0
5,0,0,19,24,14,0,0
5,0,0,34,33,30,0,0
5,0,0,19,19,17,0,0
5,0,0,17,17,11,0,0
5,0,0,13,11,11,0,0
5,0,0,25,19,14,0,0
5,0,1,23,16,21,6,0
5,0,1,16,30,23,3,0
5,0,0,15,20,2,0,0
5,0,0,10,14,9,0,0
5,0,8,43,24,26,0,0
5,0,0,22,17,19,0,0
5,0,1,25,20,27,0,0
5,0,1,21,18,22,3,0
5,0,3,19,14,14,0,0
5,0,15,14,16,15,10,0
5,0,1,5,16,9,1,0
5,0,0,10,15,15,0,0
5,0,0,13,9,14,0,0
5,0,4,12,14,5,0,0
5,0,1,18,14,6,0,0
5,0,1,5,13,13,2,0
5,0,11,9,14,16,11,0
5,0,4,5,26,19,12,0
5,0,0,23,16,17,0,0
5,0,0,14,26,35,0,0
5,0,0,17,17,20,0,0
5,0,2,41,24,24,9,0
5,0,0,13,19,11,0,0
5,0,0,9,9,0,0,0
5,0,16,31,24,20,13,0
5,0,0,18,18,25,5,0
5,0,0,23,16,12,0,0
5,0,0,16,20,8,0,0
5,0,0,13,15,14,0,0
5,0,1,11,16,17,9,0
5,0,0,10,21,15,0,0
5,0,0,4,23,11,0,0
5,0,0,24,17,16,0,0
5,0,0,15,8,17,0,0
5,0,0,15,15,20,0,0
5,0,0,28,19,16,0,0
5,0,1,21,25,22,2,0
5,0,5,31,22,32,2,0
5,0,0,11,20,3,0,0
5,0,0,17,13,13,0,0
5,0,1,29,27,19,5,0
5,0,0,18,16,23,0,0
5,0,0,24,21,19,0,0
5,0,1,17,21,22,5,0
5,0,0,4,13,5,0,0
5,0,0,23,17,20,0,0
5,0,2,22,16,12,5,0
5,0,0,17,14,7,0,0
5,0,0,12,12,9,0,0
5,0,0,19,14,13,0,0
5,0,11,21,14,17,14,0
5,0,0,13,16,11,0,0
5,0,0,18,16,19,0,0
5,0,1,11,14,12,1,0
5,0,1,26,18,20,8,0
5,0,2,23,20,29,0,0
5,0,1,31,15,30,0,0
5,0,0,28,18,27,0,0
5,0,0,12,15,12,0,0
5,0,0,10,12,4,0,0
5,0,2,29,20,20,12,0
5,0,2,23,20,18,9,0
5,0,0,15,18,13,0,0
5,0,0,15,16,14,0,0
5,0,0,19,18,17,0,0
5,0,2,8,10,20,0,0
5,0,0,4,25,18,0,0
5,0,3,20,24,23,12,0
5,0,0,17,15,11,0,0
5,0,0,3,16,18,0,0
5,0,2,15,13,15,0,0
5,0,0,17,13,18,0,0
5,0,6,29,29,23,19,0
5,0,0,22,30,25,7,0
5,0,0,14,14,12,0,0
5,0,0,8,15,9,0,0
5,0,0,1,23,2,0,0
5,0,1,36,20,30,0,0
5,0,1,17,19,27,3,0
5,0,1,34,15,19,0,0
5,0,0,0,9,24,20,0
5,0,0,15,18,24,0,0
5,0,0,2,16,11,0,0
5,0,0,10,15,12,0,0
5,0,0,12,9,12,0,0
5,0,10,17,11,21,4,0
5,0,0,13,15,12,5,0
5,0,0,19,15,13,0,0
5,0,2,21,15,15,3,0
5,0,0,11,15,8,0,0
5,0,0,25,16,35,0,0
5,0,0,22,17,14,0,0
5,0,0,36,16,23,0,0
5,0,0,21,15,22,0,0
5,0,14,21,23,28,3,0
5,0,0,13,13,7,0,0
5,0,0,14,15,11,0,0
5,0,1,11,18,15,0,0
5,0,1,27,17,24,0,0
5,0,3,30,18,19,10,0
5,0,1,8,15,17,0,0
5,0,0,8,25,16,0,0
5,0,0,24,18,22,0,0
5,0,2,15,14,14,2,0
5,0,3,5,33,20,10,0
6,0,0,27,20,16,0,0
6,0,0,18,19,6,0,0
6,0,0,26,22,9,0,0
6,0,4,31,24,18,0,0
6,0,6,27,18,11,0,0
6,0,11,22,15,16,1,0
6,0,0,24,15,16,0,0
6,0,0,21,13,9,0,0
6,0,4,34,13,15,0,0
6,0,0,35,21,22,0,0
6,0,2,32,19,14,0,0
6,0,0,12,10,3,0,0
6,0,0,12,12,4,0,0
6,0,2,10,9,7,0,0
6,0,7,10,13,4,2,0
6,0,0,17,9,4,0,0
6,0,0,10,11,3,0,0
6,0,0,21,20,12,0,0
6,0,0,31,17,17,0,0
6,0,0,38,11,20,0,0
6,0,0,20,15,11,0,0
6,0,0,22,14,9,0,0
6,0,0,25,10,15,0,0
6,0,0,28,19,20,0,0
6,0,0,1,12,5,0,0
6,0,0,23,17,8,0,0
6,0,7,30,13,17,0,0
6,0,0,19,21,10,0,0
6,0,0,26,23,18,0,0
6,0,0,22,16,9,0,0
6,0,0,14,11,13,0,0
6,0,1,27,17,18,0,0
6,0,0,13,26,11,0,0
6,0,1,25,17,17,2,0
6,0,0,25,14,15,0,0
6,0,5,25,17,15,0,0
6,0,0,26,20,14,0,0
6,0,0,1,25,18,0,0
6,0,4,33,26,27,5,0
6,0,0,26,16,9,0,0
6,0,0,14,18,17,0,0
6,0,12,19,21,7,0,0
6,0,2,17,16,9,0,0
6,0,2,22,14,19,4,0
6,0,3,20,13,10,2,0
6,0,0,24,20,13,0,0
6,0,0,32,14,14,0,0
6,0,0,25,17,17,0,0
6,0,0,24,8,12,0,0
6,0,0,19,14,18,0,0
6,0,0,30,20,10,0,0
6,0,0,23,27,6,0,0
6,0,5,13,13,7,0,0
6,0,0,32,19,17,0,0
6,0,0,23,22,13,0,0
6,0,0,23,21,13,0,0
6,0,0,1,29,5,0,0
6,0,0,17,26,9,0,0
6,0,3,24,24,13,0,0
6,0,0,25,20,10,0,0
6,0,7,8,6,10,2,0
6,0,0,23,24,13,0,0
6,0,0,14,11,7,0,0
6,0,0,17,13,12,0,0
6,0,0,25,23,15,0,0
6,0,5,28,19,21,0,0
6,0,0,21,27,19,0,0
6,0,0,7,7,3,0,0
6,0,0,13,14,5,0,0
6,0,0,17,12,13,0,0
6,0,6,12,7,13,0,0
6,0,0,17,18,12,0,0
6,0,0,14,13,6,0,0
6,0,0,31,31,19,0,0
6,0,0,25,20,15,0,0
6,0,0,32,14,12,0,0
6,0,0,4,23,6,0,0
6,0,1,18,17,21,1,0
6,0,0,21,20,12,0,0
6,0,0,12,13,7,0,0
6,0,0,19,19,9,0,0
6,0,0,17,21,17,0,0
6,0,0,18,18,6,0,0
6,0,0,28,20,16,0,0
6,0,5,8,10,8,1,0
6,0,0,25,17,17,0,0
6,0,0,24,21,15,0,0
6,0,0,19,23,8,0,0
6,0,0,24,14,10,0,0
6,0,0,22,16,12,0,0
6,0,0,26,14,19,0,0
6,0,4,46,31,35,6,0
6,0,1,22,15,15,0,0
6,0,0,31,16,15,0,0
6,0,0,13,12,4,0,0
6,0,10,14,20,5,2,0
6,0,0,17,13,6,0,0
6,0,0,12,11,3,0,0
6,0,0,3,28,6,0,0
6,0,0,12,18,3,0,0
6,0,0,25,19,13,0,0
6,0,0,32,16,17,0,0
6,0,3,42,29,30,5,0
6,0,2,27,16,16,0,0
6,0,0,31,13,8,0,0
6,0,0,24,15,12,0,0
6,0,0,21,20,16,0,0
6,0,0,26,19,19,0,0
6,0,0,18,11,8,0,0
6,0,0,21,28,14,0,0
6,0,0,30,20,15,0,0
6,0,0,17,19,9,0,0
6,0,0,25,21,16,0,0
6,0,0,8,10,11,0,0
6,0,0,27,26,2,0,0
6,0,0,17,24,7,0,0
6,0,11,23,16,12,3,0
6,0,5,23,18,12,0,0
6,0,11,21,17,13,2,0
6,0,0,29,29,23,0,0
6,0,19,31,27,27,7,0
6,0,0,15,16,13,0,0
6,0,0,16,23,5,0,0
6,0,0,11,11,8,0,0
6,0,0,12,10,8,0,0
6,0,0,24,13,15,0,0
6,0,0,11,16,14,0,0
6,0,12,34,27,24,10,0
6,0,5,33,32,23,5,0
6,0,2,25,13,10,3,0
6,0,0,19,20,10,0,0
6,0,12,21,14,12,3,0
6,0,0,18,14,7,0,0
6,0,0,9,15,5,0,0
6,0,0,21,13,4,0,0
6,0,0,18,23,13,0,0
6,0,0,19,20,6,0,0
6,0,0,14,21,4,0,0
6,0,0,8,14,3,0,0
6,0,0,29,17,12,0,0
6,0,0,20,15,8,0,0
6,0,0,7,12,6,0,0
6,0,0,28,18,12,0,0
6,0,1,28,17,13,2,0
6,0,14,18,12,11,5,0
6,0,8,20,19,12,3,0
6,0,21,31,24,26,18,0
6,0,16,29,29,28,4,0
6,0,14,37,30,20,6,0
6,0,0,17,12,11,0,0
6,0,0,11,11,2,0,0
6,0,0,13,13,2,0,0
6,0,0,19,10,4,0,0
6,0,14,27,26,25,5,0
6,0,14,38,35,23,8,0
6,0,6,36,25,25,0,0
6,0,10,18,9,9,3,0
6,0,12,24,12,10,7,0
6,0,10,25,19,12,3,0
6,0,0,27,14,8,0,0
6,0,0,11,9,9,0,0
6,0,0,28,19,2,0,0
6,0,0,26,19,17,0,0
6,0,0,14,18,7,0,0
6,0,1,9,12,6,0,0
6,0,0,7,11,11,0,0
6,0,0,6,11,9,0,0
6,0,0,26,18,5,0,0
6,0,0,16,30,11,0,0
6,0,0,29,15,13,0,0
6,0,0,27,15,14,0,0
6,0,3,20,10,14,1,0
6,0,4,24,13,9,0,0
6,0,1,26,18,12,0,0
6,0,4,24,31,22,0,0
6,0,4,33,26,23,7,0
6,0,9,33,33,26,12,0
6,0,11,19,14,8,8,0
6,0,0,11,12,8,0,0
6,0,0,16,10,7,0,0
6,0,18,22,15,14,9,0
6,0,28,34,33,31,15,0
6,0,5,35,33,25,0,0
6,0,1,28,28,25,5,0
6,0,3,25,20,11,0,0
6,0,2,25,16,13,5,0
6,0,0,27,13,18,0,0
6,0,0,21,29,3,0,0
6,0,0,24,19,12,0,0
6,0,0,22,17,7,0,0
6,0,0,9,10,9,0,0
6,0,0,27,21,9,0,0
6,0,0,7,12,6,0,0
6,0,0,16,23,8,0,0
6,0,0,23,16,7,0,0
6,0,0,13,26,14,0,0
6,0,0,21,24,9,0,0
6,0,0,7,12,6,0,0
6,0,12,22,11,10,3,0
6,0,5,27,19,12,4,0
6,0,3,29,12,10,5,0
6,0,6,28,24,20,3,0
6,0,16,23,25,16,4,0
6,0,0,7,7,9,0,0
6,0,0,10,8,6,0,0
6,0,9,23,14,12,0,0
6,0,14,26,13,10,4,0
6,0,0,6,9,10,0,0
6,0,0,10,11,7,0,0
6,0,15,33,28,19,4,0
6,0,13,39,28,30,5,0
6,0,2,26,19,7,0,0
6,0,2,27,20,17,6,0
6,0,5,27,19,13,4,0
6,0,0,18,20,11,0,0
6,0,3,9,13,3,0,0
6,0,0,15,16,9,0,0
6,0,0,12,24,7,0,0
6,0,0,19,18,8,0,0
6,0,0,27,15,5,0,0
6,0,0,10,12,11,0,0
6,0,0,6,11,8,0,0
6,0,0,28,25,11,0,0
6,0,0,23,17,10,0,0
6,0,0,19,23,5,0,0
6,0,0,26,18,9,0,0
6,0,0,19,13,8,0,0
6,0,5,21,15,9,5,0
6,0,5,24,18,14,0,0
6,0,2,32,16,9,0,0
6,0,9,25,26,23,4,0
6,0,6,31,34,28,4,0
6,0,1,18,9,9,0,0
6,0,0,12,11,11,0,0
6,0,0,11,15,11,0,0
6,0,0,9,11,7,0,0
6,0,0,13,9,5,0,0
6,0,0,17,11,17,1,0
6,0,19,26,28,26,5,0
6,0,5,33,30,25,5,0
6,0,0,28,16,13,0,0
6,0,15,24,16,9,5,0
6,0,0,14,13,11,0,0
6,0,0,14,11,5,0,0
6,0,0,20,26,11,0,0
6,0,0,21,23,7,0,0
6,0,0,15,20,9,0,0
6,0,0,6,8,10,0,0
6,0,0,22,23,9,0,0
6,0,0,22,20,11,0,0
6,0,0,7,12,6,0,0
6,0,0,21,19,9,0,0
6,0,0,8,8,10,0,0
6,0,0,5,10,9,0,0
6,0,0,22,20,9,0,0
6,0,0,4,13,11,0,0
6,0,0,34,20,7,0,0
6,0,0,31,23,7,0,0
6,0,0,18,14,8,0,0
6,0,0,10,19,9,0,0
6,0,0,23,18,10,0,0
6,0,12,27,19,10,9,0
6,0,13,23,9,12,7,0
6,0,2,38,25,23,4,0
6,0,1,23,22,17,0,0
6,0,2,32,30,24,6,0
6,0,0,13,14,10,0,0
6,0,0,17,7,7,0,0
6,0,0,8,9,8,0,0
6,0,0,11,15,14,0,0
6,0,6,27,21,14,0,0
6,0,21,22,28,19,4,0
6,0,4,30,29,25,6,0
6,0,13,21,22,11,7,0
6,0,13,27,18,10,6,0
6,0,1,22,19,11,6,0
6,0,0,17,14,13,0,0
6,0,0,19,13,11,0,0
6,0,0,28,18,15,0,0
6,0,0,18,19,10,0,0
6,0,0,6,11,11,0,0
6,0,0,7,12,10,0,0
6,0,0,16,22,8,0,0
6,0,0,13,24,8,0,0
6,0,0,6,12,8,0,0
6,0,0,8,10,9,0,0
6,0,0,10,11,3,0,0
6,0,0,18,21,14,0,0
6,0,0,26,19,9,0,0
6,0,0,8,9,8,0,0
6,0,0,29,22,17,0,0
6,0,0,19,14,11,0,0
6,0,5,18,14,10,4,0
6,0,1,26,17,13,0,0
6,0,0,21,16,10,0,0
6,0,10,26,18,13,5,0
6,0,13,24,10,8,9,0
6,0,12,34,25,18,4,0
6,0,0,30,30,20,4,0
6,0,15,25,28,17,5,0
6,0,0,0,16,6,0,0
6,0,0,7,10,8,0,0
6,0,0,16,10,10,0,0
6,0,0,8,13,10,0,0
6,0,20,24,32,21,6,0
6,0,7,27,21,16,3,0
6,0,1,34,28,28,7,0
6,0,4,24,15,8,3,0
6,0,3,23,14,9,3,0
6,0,0,18,12,12,0,0
6,0,6,23,12,10,3,0
6,0,0,24,14,12,3,0
6,0,0,13,18,7,0,0
6,0,0,13,16,5,0,0
6,0,0,18,18,11,0,0
6,0,0,20,6,12,0,0
6,0,0,11,11,2,0,0
6,0,0,22,23,6,0,0
6,0,0,9,9,8,0,0
6,0,0,18,18,10,0,0
6,0,0,13,9,10,0,0
6,0,0,17,18,3,0,0
6,0,0,1,28,6,0,0
6,0,0,5,11,7,0,0
6,0,0,19,17,11,0,0
6,0,0,18,16,7,0,0
6,0,0,19,14,11,0,0
6,0,5,28,14,10,0,0
6,0,3,24,14,11,0,0
6,0,12,19,17,11,4,0
6,0,17,32,28,32,9,0
6,0,15,32,30,28,5,0
6,0,0,13,13,8,0,0
6,0,0,9,8,3,0,0
6,0,0,14,19,3,0,0
6,0,0,15,18,7,0,0
6,0,0,11,9,7,0,0
6,0,0,12,13,11,0,0
6,0,28,23,33,18,14,0
6,0,0,41,28,25,0,0
6,0,11,25,18,13,2,0
6,0,13,22,11,10,3,0
6,0,3,22,20,7,0,0
6,0,0,11,14,11,0,0
6,0,0,27,17,9,0,0
6,0,0,19,22,14,0,0
6,0,0,3,30,5,0,0
6,0,0,14,10,6,0,0
6,0,0,10,8,9,0,0
6,0,0,26,16,11,0,0
6,0,0,27,22,6,0,0
6,0,0,8,14,9,0,0
6,0,0,24,18,12,0,0
6,0,0,27,25,9,0,0
6,0,3,29,15,15,0,0
6,0,0,25,20,7,0,0
6,0,0,13,19,8,0,0
6,0,0,30,19,17,0,0
6,0,0,21,11,20,0,0
6,0,4,24,10,13,6,0
6,0,10,24,17,15,1,0
6,0,4,42,30,18,0,0
6,0,17,33,35,19,9,0
6,0,4,33,18,16,6,0
6,0,0,26,23,16,0,0
6,0,0,29,20,18,0,0
6,0,0,5,15,1,0,0
6,0,0,13,13,13,0,0
6,0,0,15,12,2,0,0
6,0,0,11,9,7,0,0
6,0,3,12,11,8,1,0
6,0,0,14,8,13,0,0
6,0,0,12,12,10,0,0
6,0,0,8,11,4,0,0
6,0,0,35,19,19,0,0
6,0,0,39,16,19,0,0
6,0,0,33,14,15,0,0
6,0,19,34,28,18,12,0
6,0,0,14,23,12,0,0
6,0,0,22,14,11,0,0
6,0,0,18,13,12,0,0
6,0,0,24,14,10,0,0
6,0,4,28,21,15,3,0
6,0,0,28,17,11,0,0
6,0,0,26,23,15,0,0
6,0,0,27,20,13,0,0
6,0,4,29,16,17,0,0
6,0,0,5,8,9,0,0
6,0,0,13,20,7,0,0
6,0,5,22,18,13,2,0
6,0,0,14,26,10,0,0
6,0,0,13,21,5,0,0
6,0,0,13,11,14,0,0
6,0,0,25,14,8,0,0
6,0,0,13,22,9,0,0
6,0,0,15,19,5,0,0
6,0,0,18,11,7,0,0
6,0,0,16,16,7,0,0
6,0,5,36,27,24,11,0
6,0,0,23,16,17,0,0
6,0,1,0,26,17,13,0
6,0,0,26,17,16,0,0
6,0,0,11,11,15,0,0
6,0,0,6,9,5,0,0
6,0,0,9,11,6,0,0
6,0,0,15,10,7,0,0
6,0,0,14,11,8,0,0
6,0,0,12,8,8,0,0
6,0,0,14,11,3,0,0
6,0,0,11,9,13,0,0
6,0,0,9,11,5,0,0
6,0,0,11,9,10,0,0
6,0,0,16,25,9,0,0
6,0,4,43,14,19,5,0
6,0,0,21,17,19,0,0
6,0,13,42,29,30,4,0
6,0,0,22,11,12,0,0
6,0,0,18,11,9,0,0
6,0,0,23,25,13,0,0
6,0,5,27,14,13,0,0
6,0,0,19,22,11,0,0
6,0,0,18,26,7,0,0
6,0,0,5,11,4,0,0
6,0,1,24,14,12,0,0
6,0,0,24,21,6,0,0
6,0,0,16,22,5,0,0
6,0,0,17,23,2,0,0
6,0,2,30,16,21,3,0
6,0,0,25,15,8,0,0
6,0,0,30,17,18,0,0
6,0,0,18,17,6,0,0
6,0,0,10,12,6,0,0
6,0,0,22,11,7,0,0
6,0,5,40,30,19,6,0
6,0,0,23,16,9,0,0
6,0,0,32,24,16,0,0
6,0,3,31,18,15,0,0
6,0,0,14,12,10,0,0
6,0,0,11,18,2,0,0
6,0,0,9,9,5,0,0
6,0,0,12,13,8,0,0
6,0,0,9,15,2,0,0
6,0,0,11,10,5,0,0
6,0,0,13,7,3,0,0
6,0,0,11,11,7,0,0
6,0,0,9,12,9,0,0
6,0,0,19,14,4,0,0
6,0,0,30,17,18,0,0
6,0,1,0,27,24,17,0
6,0,0,28,21,18,0,0
6,0,10,36,28,22,5,0
6,0,0,19,12,11,0,0
6,0,0,16,11,12,0,0
6,0,0,23,21,16,0,0
6,0,1,26,22,19,0,0
6,0,0,10,6,8,0,0
6,0,0,17,21,6,0,0
6,0,0,20,19,5,0,0
6,0,0,28,14,15,0,0
6,0,0,22,16,8,0,0
6,0,0,31,15,9,0,0
6,0,0,4,31,6,0,0
6,0,0,9,8,13,0,0
6,0,8,31,16,15,4,0
6,0,0,15,19,5,0,0
6,0,0,15,19,14,0,0
6,0,0,34,20,13,0,0
6,0,0,22,10,11,0,0
6,0,0,15,16,11,0,0
6,0,0,20,18,15,0,0
6,0,0,26,16,16,0,0
6,0,0,30,18,14,0,0
6,0,9,37,36,28,6,0
6,0,5,32,16,16,0,0
6,0,0,34,23,23,0,0
6,0,8,32,24,8,2,0
6,0,0,8,14,7,0,0
6,0,0,11,11,10,0,0
6,0,0,18,13,7,0,0
6,0,0,20,13,4,0,0
6,0,1,11,7,12,4,0
6,0,0,15,18,16,0,0
6,0,0,20,14,6,0,0
6,0,0,28,20,14,0,0
6,0,0,28,20,13,0,0
6,0,3,31,28,22,6,0
6,0,0,34,13,13,0,0
6,0,0,33,15,17,0,0
6,0,0,22,12,16,0,0
6,0,0,14,14,4,0,0
6,0,0,20,13,8,0,0
6,0,0,29,18,15,0,0
6,0,0,22,22,15,0,0
6,0,0,32,17,12,0,0
6,0,0,11,23,9,0,0
6,0,0,11,21,6,0,0
6,0,0,10,9,8,0,0
6,0,0,29,19,13,0,0
7,0,0,12,34,21,0,0
7,0,0,10,28,19,0,0
7,0,0,10,37,4,0,0
7,0,4,12,38,26,8,0
7,0,0,8,14,5,0,0
7,0,0,7,16,11,0,0
7,0,0,13,18,11,0,0
7,0,0,5,12,14,0,0
7,0,0,7,26,28,6,0
7,0,4,8,26,26,5,0
7,0,1,8,27,26,8,0
7,0,12,18,18,18,7,0
7,0,3,16,13,12,6,0
7,0,10,13,43,40,13,0
7,0,7,13,12,9,2,0
7,0,4,12,14,14,11,0
7,0,10,12,12,19,9,0
7,0,6,11,32,31,11,0
7,0,0,13,11,11,0,0
7,0,3,7,24,28,4,0
7,0,2,13,31,26,2,0
7,0,1,4,21,27,3,0
7,0,0,4,17,13,0,0
7,0,0,7,17,11,0,0
7,0,0,1,19,10,0,0
7,0,1,15,13,9,0,0
7,0,0,5,22,25,0,0
7,0,6,7,27,29,1,0
7,0,1,9,33,15,0,0
7,0,0,10,26,19,0,0
7,0,0,6,16,24,0,0
7,0,0,6,41,3,0,0
7,0,1,15,12,13,3,0
7,0,1,7,36,24,0,0
7,0,0,10,40,5,0,0
7,0,3,13,25,21,4,0
7,0,0,8,17,10,0,0
7,0,0,11,13,9,0,0
7,0,0,8,18,33,18,0
7,0,0,6,26,17,0,0
7,0,0,12,23,10,0,0
7,0,2,13,35,27,6,0
7,0,5,10,14,16,3,0
7,0,6,12,17,12,9,0
7,0,2,18,18,15,7,0
7,0,7,14,12,9,2,0
7,0,7,11,13,11,6,0
7,0,7,16,24,18,9,0
7,0,12,17,15,10,5,0
7,0,0,15,25,11,0,0
7,0,1,9,26,27,2,0
7,0,3,8,19,28,18,0
7,0,0,2,17,11,0,0
7,0,0,10,12,12,0,0
7,0,8,16,40,34,24,0
7,0,0,15,30,5,0,0
7,0,2,13,15,14,8,0
7,0,0,8,29,14,0,0
7,0,5,11,34,29,8,0
7,0,0,6,25,22,0,0
7,0,0,8,35,3,0,0
7,0,0,11,36,9,0,0
7,0,0,9,29,13,0,0
7,0,4,13,40,27,2,0
7,0,6,12,9,10,4,0
7,0,9,15,30,26,7,0
7,0,0,7,11,13,0,0
7,0,0,11,12,9,0,0
7,0,4,12,26,27,10,0
7,0,6,23,21,12,0,0
7,0,1,7,23,26,2,0
7,0,0,14,22,10,0,0
7,0,1,20,19,16,4,0
7,0,4,19,26,22,0,0
7,0,4,17,14,16,4,0
7,0,3,17,14,19,5,0
7,0,3,14,15,11,7,0
7,0,5,21,33,23,2,0
7,0,0,8,16,11,0,0
7,0,5,6,23,25,11,0
7,0,4,14,24,23,12,0
7,0,1,4,17,22,5,0
7,0,0,9,15,18,0,0
7,0,0,8,12,10,0,0
7,0,4,17,26,26,13,0
7,0,0,8,25,10,0,0
7,0,6,14,9,12,9,0
7,0,0,7,32,10,0,0
7,0,0,12,35,21,0,0
7,0,0,6,27,6,0,0
7,0,0,14,19,14,0,0
7,0,0,13,13,9,3,0
7,0,0,7,32,10,0,0
7,0,6,21,22,21,6,0
7,0,0,20,30,6,0,0
7,0,0,6,13,6,0,0
7,0,0,11,22,16,0,0
7,0,1,10,15,15,0,0
7,0,6,22,15,16,7,0
7,0,2,7,25,31,2,0
7,0,2,7,22,23,3,0
7,0,4,11,13,13,2,0
7,0,8,10,22,19,16,0
7,0,4,13,16,12,9,0
7,0,5,16,12,11,5,0
7,0,7,20,19,9,3,0
7,0,2,8,36,29,8,0
7,0,0,12,14,10,0,0
7,0,10,15,13,13,9,0
7,0,0,5,25,20,7,0
7,0,1,16,30,29,5,0
7,0,9,29,19,24,12,0
7,0,0,3,9,9,0,0
7,0,1,11,23,29,0,0
7,0,0,4,12,7,0,0
7,0,3,16,27,24,6,0
7,0,0,9,38,12,0,0
7,0,2,11,14,11,3,0
7,0,2,9,32,23,0,0
7,0,0,3,39,13,0,0
7,0,0,3,25,9,0,0
7,0,0,6,14,22,0,0
7,0,0,10,17,8,0,0
7,0,0,6,22,10,0,0
7,0,0,2,22,12,0,0
7,0,2,16,18,20,2,0
7,0,0,15,20,13,0,0
7,0,0,13,18,18,1,0
7,0,0,15,26,18,0,0
7,0,17,26,24,21,6,0
7,0,0,9,17,7,0,0
7,0,0,6,22,4,0,0
7,0,0,8,14,11,0,0
7,0,0,0,17,2,0,0
7,0,2,10,25,11,0,0
7,0,5,22,23,28,9,0
7,0,0,21,20,13,0,0
7,0,1,17,22,22,0,0
7,0,1,17,17,11,0,0
7,0,1,9,18,20,3,0
7,0,0,6,24,19,0,0
7,0,0,7,13,10,0,0
7,0,2,8,20,28,3,0
7,0,4,9,18,42,1,0
7,0,0,3,13,15,0,0
7,0,0,5,20,19,0,0
7,0,0,8,14,9,0,0
7,0,0,8,25,7,0,0
7,0,2,8,35,11,0,0
7,0,0,1,13,11,0,0
7,0,0,8,24,17,0,0
7,0,0,4,23,15,0,0
7,0,0,9,15,15,0,0
7,0,0,2,15,8,0,0
7,0,8,29,24,27,7,0
7,0,9,25,17,14,5,0
7,0,0,20,16,16,2,0
7,0,0,18,15,4,0,0
7,0,0,5,18,5,0,0
7,0,0,7,20,2,0,0
7,0,0,3,20,8,0,0
7,0,3,18,18,18,3,0
7,0,12,27,19,20,8,0
7,0,12,22,25,21,11,0
7,0,1,18,21,20,0,0
7,0,4,13,21,22,7,0
7,0,2,11,17,13,0,0
7,0,1,4,9,31,2,0
7,0,0,2,19,5,0,0
7,0,8,4,7,27,8,0
7,0,0,5,15,24,0,0
7,0,6,4,11,41,9,0
7,0,0,6,15,9,0,0
7,0,0,3,15,12,0,0
7,0,0,8,17,10,0,0
7,0,0,3,29,15,0,0
7,0,0,3,5,22,0,0
7,0,1,4,10,29,0,0
7,0,0,4,7,25,0,0
7,0,0,7,9,12,0,0
7,0,1,22,20,18,0,0
7,0,0,9,25,21,0,0
7,0,1,16,20,14,0,0
7,0,6,23,16,17,3,0
7,0,2,7,26,22,6,0
7,0,2,20,16,15,2,0
7,0,0,2,17,5,0,0
7,0,0,6,13,10,0,0
7,0,3,17,19,17,6,0
7,0,5,19,21,24,12,0
7,0,9,21,20,17,5,0
7,0,10,23,22,18,9,0
7,0,0,8,22,20,0,0
7,0,1,19,19,19,0,0
7,0,0,8,9,12,0,0
7,0,0,5,11,21,0,0
7,0,0,3,5,27,0,0
7,0,1,5,10,34,2,0
7,0,0,7,13,4,0,0
7,0,0,3,21,15,0,0
7,0,0,4,17,12,0,0
7,0,0,9,29,4,0,0
7,0,1,5,19,15,0,0
7,0,0,3,24,7,0,0
7,0,0,2,8,23,0,0
7,0,0,7,15,9,0,0
7,0,2,10,23,19,1,0
7,0,0,9,22,21,0,0
7,0,0,17,22,19,0,0
7,0,1,16,24,21,6,0
7,0,7,20,21,18,3,0
7,0,0,10,20,8,0,0
7,0,0,7,14,10,0,0
7,0,2,20,21,14,1,0
7,0,2,14,17,17,4,0
7,0,0,6,12,13,0,0
7,0,2,26,12,3,0,0
7,0,4,27,21,22,6,0
7,0,0,20,19,18,0,0
7,0,1,21,23,17,1,0
7,0,0,5,24,19,0,0
7,0,3,22,21,15,6,0
7,0,0,5,7,24,0,0
7,0,0,4,18,11,0,0
7,0,0,5,16,19,0,0
7,0,0,1,20,12,0,0
7,0,0,5,37,9,0,0
7,0,0,5,26,15,0,0
7,0,0,4,17,5,0,0
7,0,0,3,16,6,0,0
7,0,0,5,22,19,0,0
7,0,0,4,8,23,0,0
7,0,1,7,9,28,0,0
7,0,0,4,14,32,0,0
7,0,0,6,12,14,0,0
7,0,0,7,20,11,0,0
7,0,2,18,19,21,2,0
7,0,1,17,19,19,0,0
7,0,7,20,14,20,7,0
7,0,9,26,23,28,9,0
7,0,3,10,17,20,1,0
7,0,1,11,19,7,1,0
7,0,2,5,17,9,1,0
7,0,0,6,20,8,0,0
7,0,0,5,19,5,0,0
7,0,0,12,15,10,0,0
7,0,5,12,22,23,14,0
7,0,12,20,16,22,9,0
7,0,1,20,18,17,2,0
7,0,4,14,17,22,3,0
7,0,0,5,12,9,0,0
7,0,0,9,14,13,0,0
7,0,0,5,13,27,0,0
7,0,0,3,15,16,0,0
7,0,3,11,30,19,1,0
7,0,0,1,17,10,0,0
7,0,0,12,35,5,0,0
7,0,0,2,37,3,0,0
7,0,0,11,15,5,0,0
7,0,0,13,39,4,0,0
7,0,0,4,15,3,0,0
7,0,0,5,19,4,0,0
7,0,0,19,28,3,0,0
7,0,0,3,15,5,0,0
7,0,0,6,15,14,0,0
7,0,0,4,7,30,0,0
7,0,0,7,14,10,0,0
7,0,0,5,13,9,0,0
7,0,0,12,19,22,0,0
7,0,4,14,22,20,2,0
7,0,0,4,22,17,0,0
7,0,6,24,22,18,6,0
7,0,10,23,17,19,6,0
7,0,4,20,21,19,8,0
7,0,0,13,19,4,0,0
7,0,0,5,17,12,0,0
7,0,3,9,23,14,1,0
7,0,2,13,18,15,2,0
7,0,6,19,23,26,10,0
7,0,4,22,18,19,7,0
7,0,3,12,28,23,11,0
7,0,0,16,16,17,1,0
7,0,2,20,16,16,1,0
7,0,4,18,19,20,6,0
7,0,0,5,8,7,0,0
7,0,0,6,13,10,0,0
7,0,0,5,17,23,0,0
7,0,0,8,12,23,0,0
7,0,0,1,16,7,0,0
7,0,0,6,16,7,0,0
7,0,0,6,35,15,0,0
7,0,0,7,31,10,0,0
7,0,0,5,17,8,0,0
7,0,0,3,16,9,0,0
7,0,1,15,14,4,0,0
7,0,3,8,11,42,5,0
7,0,0,5,37,3,0,0
7,0,0,2,19,11,0,0
7,0,0,2,29,6,0,0
7,0,0,6,28,8,0,0
7,0,1,17,19,19,0,0
7,0,1,15,23,11,0,0
7,0,0,5,13,11,0,0
7,0,10,24,19,19,1,0
7,0,1,14,17,13,0,0
7,0,13,27,20,25,8,0
7,0,3,22,23,19,2,0
7,0,0,14,19,17,0,0
7,0,0,14,20,2,0,0
7,0,6,8,23,11,1,0
7,0,2,7,15,10,0,0
7,0,2,9,7,11,1,0
7,0,1,18,16,15,0,0
7,0,3,30,23,16,0,0
7,0,10,29,23,21,5,0
7,0,0,15,16,14,0,0
7,0,1,16,17,18,3,0
7,0,0,7,11,13,0,0
7,0,0,5,22,15,0,0
7,0,1,17,20,15,0,0
7,0,0,3,22,11,0,0
7,0,0,8,25,22,0,0
7,0,0,4,28,4,0,0
7,0,0,3,20,3,0,0
7,0,0,5,16,12,0,0
7,0,0,13,31,3,0,0
7,0,0,11,23,11,0,0
7,0,0,3,22,10,0,0
7,0,0,2,16,7,0,0
7,0,0,9,35,2,0,0
7,0,0,10,33,5,0,0
7,0,0,7,15,4,0,0
7,0,0,7,14,31,0,0
7,0,0,3,25,16,0,0
7,0,0,3,11,12,0,0
7,0,0,9,22,20,0,0
7,0,0,13,22,17,0,0
7,0,2,18,21,19,3,0
7,0,4,18,21,15,4,0
7,0,1,0,14,19,3,0
7,0,2,21,12,13,0,0
7,0,7,20,14,7,3,0
7,0,1,9,15,16,2,0
7,0,0,6,20,7,0,0
7,0,3,15,6,9,3,0
7,0,0,6,23,10,0,0
7,0,2,23,18,23,3,0
7,0,2,17,14,16,2,0
7,0,0,12,16,17,0,0
7,0,1,12,21,21,0,0
7,0,0,15,22,21,0,0
7,0,0,3,10,6,0,0
7,0,0,4,12,22,0,0
7,0,0,9,29,18,0,0
7,0,0,7,27,16,0,0
7,0,0,5,16,9,0,0
7,0,0,3,21,10,0,0
7,0,0,9,29,2,0,0
7,0,0,4,11,22,0,0
7,0,0,1,16,7,0,0
7,0,0,5,25,23,0,0
7,0,0,7,30,11,0,0
7,0,0,12,16,8,0,0
7,0,2,13,28,25,2,0
7,0,6,8,20,45,13,0
7,0,2,7,28,30,4,0
7,0,0,9,15,12,0,0
7,0,0,3,14,9,0,0
7,0,1,14,14,15,0,0
7,0,15,16,14,17,12,0
7,0,10,23,20,24,10,0
7,0,0,7,19,23,5,0
7,0,1,0,10,20,0,0
7,0,2,8,24,20,5,0
7,0,8,13,17,11,10,0
7,0,2,11,12,15,4,0
7,0,14,25,40,30,1,0
7,0,4,14,17,17,7,0
7,0,9,19,17,11,8,0
7,0,8,15,15,15,10,0
7,0,0,19,22,20,0,0
7,0,6,21,34,28,5,0
7,0,0,5,22,9,0,0
7,0,5,10,14,10,3,0
7,0,1,8,22,18,1,0
7,0,0,10,28,15,0,0
7,0,2,7,16,18,3,0
7,0,18,26,22,19,3,0
7,0,2,8,28,28,6,0
7,0,0,9,13,12,0,0
7,0,1,9,14,10,0,0
7,0,0,7,15,10,0,0
7,0,7,12,27,27,5,0
7,0,6,6,21,32,16,0
7,0,0,6,31,11,0,0
7,0,0,18,30,3,0,0
7,0,0,8,15,9,0,0
7,0,0,10,13,4,0,0
7,0,0,4,31,11,0,0
7,0,0,5,15,11,0,0
7,0,0,7,24,16,0,0
7,0,0,10,33,4,0,0
7,0,0,7,15,8,0,0
7,0,0,5,34,11,0,0
7,0,15,27,36,30,19,0
7,0,6,8,28,32,10,0
7,0,0,4,9,9,0,0
7,0,0,6,12,5,0,0
7,0,16,23,17,22,12,0
7,0,4,11,26,24,21,0
7,0,2,5,23,22,3,0
7,0,0,7,19,16,2,0
7,0,4,10,13,8,4,0
7,0,3,17,14,14,1,0
7,0,7,12,8,9,6,0
7,0,2,7,13,8,7,0
7,0,8,17,15,16,11,0
7,0,1,18,22,16,8,0
7,0,5,15,16,15,11,0
7,0,2,14,14,14,2,0
7,0,1,18,16,8,0,0
7,0,0,22,22,17,0,0
7,0,1,8,21,23,2,0
7,0,5,8,20,29,28,0
7,0,25,22,20,20,12,0
7,0,0,8,17,11,0,0
7,0,0,2,8,8,0,0
7,0,4,8,16,30,7,0
7,0,11,10,27,18,27,0
7,0,0,7,26,23,0,0
7,0,0,10,35,3,0,0
7,0,2,4,20,9,0,0
7,0,1,13,15,12,0,0
7,0,0,3,37,4,0,0
7,0,0,6,30,2,0,0
7,0,0,7,30,14,0,0
7,0,0,2,18,7,0,0
7,0,0,6,19,2,0,0
7,0,0,7,38,9,0,0
7,0,2,6,31,27,4,0
7,0,16,15,23,32,25,0
7,0,0,4,14,11,0,0
7,0,0,5,18,16,0,0
7,0,4,22,16,17,3,0
7,0,1,8,23,29,3,0
7,0,3,13,19,17,3,0
7,0,1,12,23,19,4,0
7,0,12,23,14,16,7,0
7,0,6,16,16,9,2,0
7,0,4,15,16,5,2,0
7,0,5,12,10,9,8,0
7,0,5,12,16,17,8,0
7,0,0,13,15,12,7,0
7,0,12,21,17,12,10,0
7,0,2,18,14,15,0,0
7,0,4,8,16,22,4,0
7,0,2,12,11,11,0,0
7,0,1,21,20,21,2,0
7,0,1,7,21,14,0,0
7,0,2,8,26,35,3,0
7,0,4,21,22,23,11,0
7,0,0,5,12,10,0,0
7,0,0,6,21,11,0,0
7,0,0,9,38,37,5,0
7,0,0,8,34,23,0,0
7,0,0,6,16,3,0,0
7,0,0,5,35,16,0,0
7,0,0,12,34,7,0,0
7,0,0,4,17,13,0,0
7,0,0,6,28,20,0,0
7,0,0,8,15,32,0,0
7,0,0,5,43,3,0,0
7,0,0,5,16,9,0,0
7,0,1,5,13,12,0,0
7,0,0,7,38,7,0,0
7,0,7,16,29,34,13,0
7,0,7,17,35,37,9,0
7,0,0,7,18,4,0,0
7,0,0,10,13,12,0,0
7,0,0,7,12,9,0,0
7,0,1,7,18,25,4,0
7,0,4,8,27,34,13,0
7,0,17,23,17,16,10,0
7,0,0,1,11,16,0,0
7,0,2,3,12,24,10,0
7,0,2,11,12,8,2,0
7,0,4,9,18,13,3,0
7,0,0,12,14,15,4,0
7,0,4,20,20,16,4,0
7,0,2,14,13,11,0,0
7,0,2,15,18,19,7,0
7,0,4,9,21,10,2,0
7,0,3,17,16,16,5,0
7,0,0,10,21,27,5,0
7,0,0,17,19,19,0,0
7,0,2,30,20,17,0,0
7,0,0,5,29,27,3,0
7,0,1,5,26,24,0,0
7,0,0,6,11,7,0,0
7,0,0,6,14,12,0,0
7,0,0,3,16,11,0,0
7,0,0,13,25,23,0,0
7,0,2,9,35,26,9,0
7,0,1,4,17,8,0,0
7,0,0,12,28,12,0,0
7,0,0,11,29,6,0,0
7,0,0,4,20,10,0,0
7,0,4,9,21,25,7,0
8,0,0,23,22,19,0,0
8,0,0,8,31,7,0,0
8,0,0,9,27,14,0,0
8,0,7,24,23,12,2,0
8,0,0,20,25,22,0,0
8,0,0,12,16,10,0,0
8,0,0,10,31,25,0,0
8,0,0,6,15,9,0,0
8,0,0,29,16,20,0,0
8,0,0,33,16,19,0,0
8,0,0,0,19,20,20,0
8,0,0,19,16,11,0,0
8,0,8,10,11,11,8,0
8,0,0,5,13,17,4,0
8,0,0,13,16,13,0,0
8,0,5,17,21,6,2,0
8,0,0,16,15,9,0,0
8,0,0,24,19,25,0,0
8,0,2,34,20,22,0,0
8,0,0,16,21,20,0,0
8,0,0,6,18,12,0,0
8,0,0,8,20,9,0,0
8,0,0,10,20,10,0,0
8,0,0,22,20,20,0,0
8,0,0,5,27,21,0,0
8,0,13,21,27,5,2,0
8,0,0,22,21,12,0,0
8,0,0,10,31,9,0,0
8,0,2,21,20,17,2,0
8,0,0,14,23,30,0,0
8,0,0,28,22,21,0,0
8,0,0,10,27,20,0,0
8,0,7,24,16,12,0,0
8,0,0,9,24,11,0,0
8,0,0,15,17,6,0,0
8,0,0,33,18,23,0,0
8,0,0,33,22,19,0,0
8,0,0,26,21,20,0,0
8,0,1,25,16,8,3,0
8,0,3,8,13,11,2,0
8,0,2,21,15,8,3,0
8,0,4,8,14,12,1,0
8,0,3,15,14,13,0,0
8,0,0,21,19,22,0,0
8,0,0,20,18,23,0,0
8,0,2,28,21,17,0,0
8,0,0,12,12,8,0,0
8,0,0,13,19,14,0,0
8,0,9,23,25,22,2,0
8,0,0,12,24,30,0,0
8,0,0,10,16,2,0,0
8,0,0,25,21,8,0,0
8,0,7,18,27,10,3,0
8,0,0,9,24,11,0,0
8,0,0,10,26,22,0,0
8,0,0,7,27,21,0,0
8,0,0,27,22,14,2,0
8,0,1,22,22,26,0,0
8,0,0,10,22,9,0,0
8,0,0,13,23,9,0,0
8,0,0,34,26,19,0,0
8,0,0,32,18,23,0,0
8,0,4,36,24,5,0,0
8,0,0,8,17,7,0,0
8,0,2,10,14,8,0,0
8,0,2,22,19,14,0,0
8,0,3,6,23,8,5,0
8,0,2,19,8,10,2,0
8,0,0,4,20,4,0,0
8,0,0,0,14,18,5,0
8,0,0,34,17,18,0,0
8,0,1,35,20,21,0,0
8,0,0,11,18,9,0,0
8,0,0,17,20,9,0,0
8,0,0,19,22,10,0,0
8,0,3,11,16,15,1,0
8,0,0,5,25,21,0,0
8,0,0,11,15,2,0,0
8,0,0,6,22,29,0,0
8,0,0,18,21,20,0,0
8,0,1,16,10,6,0,0
8,0,0,19,18,20,0,0
8,0,0,24,29,10,0,0
8,0,0,8,29,12,0,0
8,0,0,11,20,6,0,0
8,0,0,0,13,16,7,0
8,0,0,9,23,8,0,0
8,0,4,25,16,24,8,0
8,0,0,24,21,10,0,0
8,0,0,36,26,21,0,0
8,0,5,14,9,5,2,0
8,0,5,13,16,8,0,0
8,0,1,15,14,11,0,0
8,0,0,9,21,10,0,0
8,0,3,3,12,13,3,0
8,0,0,14,17,6,0,0
8,0,0,31,23,18,0,0
8,0,0,27,22,23,0,0
8,0,13,22,20,25,8,0
8,0,0,17,20,7,0,0
8,0,0,0,9,22,17,0
8,0,0,5,19,11,0,0
8,0,1,25,27,4,0,0
8,0,0,11,23,17,0,0
8,0,0,21,22,21,0,0
8,0,0,15,24,19,0,0
8,0,0,14,31,13,0,0
8,0,0,12,24,14,0,0
8,0,0,11,15,15,0,0
8,0,0,19,23,20,0,0
8,0,0,20,26,10,0,0
8,0,0,23,26,19,0,0
8,0,0,19,23,21,0,0
8,0,0,27,18,15,0,0
8,0,7,25,18,23,18,0
8,0,19,28,29,27,25,0
8,0,0,9,26,9,0,0
8,0,0,4,25,4,0,0
8,0,0,6,11,7,0,0
8,0,0,5,20,10,0,0
8,0,0,12,16,9,0,0
8,0,0,6,14,11,0,0
8,0,8,26,26,27,21,0
8,0,18,21,19,26,12,0
8,0,0,25,22,21,0,0
8,0,0,18,26,16,0,0
8,0,0,20,27,21,0,0
8,0,0,16,17,7,0,0
8,0,0,11,12,21,0,0
8,0,0,18,23,14,0,0
8,0,0,15,27,14,0,0
8,0,0,17,20,22,0,0
8,0,0,14,14,16,0,0
8,0,0,12,16,14,0,0
8,0,0,15,22,13,0,0
8,0,0,12,24,11,0,0
8,0,0,12,8,9,0,0
8,0,0,16,16,18,0,0
8,0,0,23,16,26,0,0
8,0,0,25,19,20,0,0
8,0,0,23,21,19,0,0
8,0,6,23,19,27,12,0
8,0,6,31,27,31,7,0
8,0,0,16,23,28,0,0
8,0,0,4,16,6,0,0
8,0,0,3,18,7,0,0
8,0,0,9,13,8,0,0
8,0,0,3,25,5,0,0
8,0,4,11,28,14,6,0
8,0,16,23,17,25,26,0
8,0,14,26,21,33,15,0
8,0,0,11,19,20,0,0
8,0,1,21,21,22,0,0
8,0,3,20,19,25,0,0
8,0,0,14,27,15,0,0
8,0,0,12,15,10,0,0
8,0,0,14,15,13,0,0
8,0,0,16,24,15,0,0
8,0,0,8,13,9,0,0
8,0,0,8,16,14,0,0
8,0,0,11,12,10,0,0
8,0,0,15,13,16,0,0
8,0,0,14,19,17,0,0
8,0,0,11,23,21,0,0
8,0,0,13,23,17,0,0
8,0,0,23,16,19,0,0
8,0,0,7,17,11,0,0
8,0,0,18,20,21,0,0
8,0,0,16,19,23,0,0
8,0,5,30,20,26,8,0
8,0,4,26,27,20,10,0
8,0,13,28,26,26,25,0
8,0,0,32,24,23,0,0
8,0,0,6,19,7,0,0
8,0,0,6,17,18,0,0
8,0,0,22,24,27,0,0
8,0,14,21,20,28,21,0
8,0,13,28,24,28,29,0
8,0,15,25,15,25,9,0
8,0,0,16,24,23,0,0
8,0,0,21,25,29,0,0
8,0,0,10,22,9,0,0
8,0,0,16,28,7,0,0
8,0,0,16,26,23,0,0
8,0,0,16,25,19,0,0
8,0,0,7,14,20,0,0
8,0,0,12,25,14,0,0
8,0,0,11,15,8,0,0
8,0,0,11,27,21,0,0
8,0,0,16,24,14,0,0
8,0,0,12,27,12,0,0
8,0,0,10,20,26,0,0
8,0,0,14,12,16,0,0
8,0,0,28,21,18,0,0
8,0,0,13,24,23,0,0
8,0,0,22,25,23,0,0
8,0,0,25,18,26,7,0
8,0,17,29,27,31,17,0
8,0,0,4,16,8,0,0
8,0,0,21,13,11,0,0
8,0,2,29,22,21,6,0
8,0,8,24,21,18,1,0
8,0,0,10,17,7,0,0
8,0,0,5,16,2,0,0
8,0,0,26,24,36,0,0
8,0,19,24,26,27,18,0
8,0,0,23,21,21,0,0
8,0,2,20,22,25,0,0
8,0,0,18,20,23,0,0
8,0,0,9,23,16,0,0
8,0,0,15,14,17,0,0
8,0,0,7,21,11,0,0
8,0,0,18,25,23,0,0
8,0,0,10,29,11,0,0
8,0,0,9,27,15,0,0
8,0,0,11,14,13,0,0
8,0,0,10,15,9,0,0
8,0,0,10,22,23,0,0
8,0,0,12,24,17,0,0
8,0,0,12,26,23,0,0
8,0,0,15,20,22,0,0
8,0,0,9,18,15,0,0
8,0,7,21,18,25,1,0
8,0,0,24,27,24,0,0
8,0,0,18,20,26,0,0
8,0,22,24,20,29,20,0
8,0,10,26,22,31,9,0
8,0,0,5,20,5,0,0
8,0,0,3,19,3,0,0
8,0,0,3,18,4,0,0
8,0,0,7,19,12,0,0
8,0,0,6,18,6,0,0
8,0,0,12,32,16,0,0
8,0,18,30,24,26,15,0
8,0,7,21,15,28,6,0
8,0,0,18,22,23,0,0
8,0,0,22,21,23,0,0
8,0,0,6,26,6,0,0
8,0,0,7,20,15,0,0
8,0,0,14,22,20,0,0
8,0,0,16,21,14,0,0
8,0,0,13,24,18,0,0
8,0,1,14,18,11,0,0
8,0,0,10,27,17,0,0
8,0,0,7,30,11,0,0
8,0,0,12,14,9,0,0
8,0,0,15,27,19,0,0
8,0,0,12,21,10,0,0
8,0,0,8,16,12,0,0
8,0,0,11,30,9,0,0
8,0,0,6,20,12,0,0
8,0,0,27,21,20,0,0
8,0,0,18,26,18,0,0
8,0,0,10,19,9,0,0
8,0,0,8,24,9,0,0
8,0,0,14,17,24,0,0
8,0,0,14,20,18,0,0
8,0,1,27,22,27,0,0
8,0,17,34,28,30,18,0
8,0,4,18,29,26,24,0
8,0,4,21,23,30,0,0
8,0,0,5,16,10,0,0
8,0,0,7,19,14,0,0
8,0,0,1,23,6,0,0
8,0,0,13,6,7,0,0
8,0,0,25,20,35,0,0
8,0,8,29,16,25,8,0
8,0,11,30,21,21,8,0
8,0,0,19,24,24,0,0
8,0,1,24,22,27,0,0
8,0,0,11,22,20,0,0
8,0,0,7,19,7,0,0
8,0,0,11,23,6,0,0
8,0,0,15,27,10,0,0
8,0,0,7,17,15,0,0
8,0,0,6,15,15,0,0
8,0,0,12,18,9,0,0
8,0,0,8,28,9,0,0
8,0,0,15,27,28,0,0
8,0,0,12,19,5,0,0
8,0,0,11,13,14,0,0
8,0,0,12,22,6,0,0
8,0,0,17,35,19,0,0
8,0,0,3,36,13,0,0
8,0,0,17,11,12,0,0
8,0,0,19,25,21,0,0
8,0,0,11,19,10,0,0
8,0,0,25,24,20,0,0
8,0,0,21,22,22,0,0
8,0,0,9,21,17,0,0
8,0,0,22,21,24,0,0
8,0,0,22,21,22,0,0
8,0,15,27,21,22,8,0
8,0,8,32,29,35,0,0
8,0,5,19,19,26,3,0
8,0,0,4,15,8,0,0
8,0,0,10,22,9,0,0
8,0,0,10,18,7,0,0
8,0,0,5,21,3,0,0
8,0,0,19,15,21,0,0
8,0,1,30,23,33,0,0
8,0,17,28,26,23,18,0
8,0,0,14,21,22,0,0
8,0,0,15,22,20,0,0
8,0,0,15,21,12,0,0
8,0,0,21,23,12,0,0
8,0,0,13,23,24,0,0
8,0,0,24,18,24,0,0
8,0,4,21,19,19,0,0
8,0,0,10,25,18,0,0
8,0,0,13,17,16,0,0
8,0,0,13,18,13,0,0
8,0,0,10,30,21,0,0
8,0,0,13,13,13,0,0
8,0,3,21,17,21,6,0
8,0,0,14,15,12,0,0
8,0,0,7,28,11,0,0
8,0,0,15,33,27,0,0
8,0,0,14,15,14,0,0
8,0,0,12,20,11,0,0
8,0,0,13,24,9,0,0
8,0,0,10,18,17,0,0
8,0,0,22,24,18,0,0
8,0,7,29,25,27,4,0
8,0,0,20,18,16,0,0
8,0,0,15,17,22,0,0
8,0,4,19,19,22,4,0
8,0,0,10,15,11,0,0
8,0,0,6,18,8,0,0
8,0,0,6,17,9,0,0
8,0,0,6,23,4,0,0
8,0,0,7,21,7,0,0
8,0,0,4,27,7,0,0
8,0,0,19,21,27,5,0
8,0,1,18,32,26,5,0
8,0,0,25,20,27,0,0
8,0,0,14,18,18,0,0
8,0,0,11,25,21,0,0
8,0,0,6,19,9,0,0
8,0,0,16,25,27,0,0
8,0,0,11,24,22,0,0
8,0,0,7,29,20,0,0
8,0,0,6,18,6,0,0
8,0,0,7,13,11,0,0
8,0,0,8,29,9,0,0
8,0,0,19,28,14,0,0
8,0,0,20,20,7,0,0
8,0,0,9,32,11,0,0
8,0,0,13,21,24,0,0
8,0,0,20,17,18,0,0
8,0,4,28,19,18,0,0
8,0,7,25,23,15,2,0
8,0,0,9,18,6,0,0
8,0,0,12,17,12,0,0
8,0,0,14,19,17,0,0
8,0,2,28,21,27,11,0
8,0,7,23,22,23,11,0
8,0,0,24,19,22,0,0
8,0,0,34,25,18,0,0
8,0,0,33,24,20,0,0
8,0,0,5,21,2,0,0
8,0,0,6,16,5,0,0
8,0,4,10,11,12,4,0
8,0,5,13,19,11,6,0
8,0,6,10,17,11,3,0
8,0,0,14,18,11,0,0
8,0,0,6,20,11,0,0
8,0,0,4,24,5,0,0
8,0,0,0,8,25,28,0
8,0,0,32,25,19,0,0
8,0,1,33,18,21,0,0
8,0,0,21,19,27,0,0
8,0,0,36,18,26,0,0
8,0,0,12,18,12,0,0
8,0,0,8,20,5,0,0
8,0,0,8,19,10,0,0
8,0,6,17,22,9,3,0
8,0,3,28,27,11,0,0
8,0,0,7,22,18,0,0
8,0,0,18,22,20,0,0
8,0,0,9,13,7,0,0
8,0,0,10,26,9,0,0
8,0,0,23,25,22,0,0
8,0,0,8,26,22,0,0
8,0,0,8,29,7,0,0
8,0,0,12,13,11,0,0
8,0,0,22,29,14,0,0
8,0,10,24,17,23,1,0
8,0,0,20,27,21,0,0
8,0,0,8,20,11,0,0
8,0,0,14,24,5,0,0
8,0,2,19,13,17,0,0
8,0,0,27,19,21,0,0
8,0,4,34,23,21,0,0
8,0,0,27,20,27,0,0
8,0,0,5,21,7,0,0
8,0,0,12,17,7,0,0
8,0,1,15,18,15,2,0
8,0,5,11,21,10,4,0
8,0,1,10,15,5,0,0
8,0,0,10,10,8,0,0
8,0,2,8,13,8,2,0
8,0,6,8,13,8,4,0
8,0,0,11,17,3,0,0
8,0,0,8,23,8,0,0
8,0,0,18,24,24,0,0
8,0,0,30,19,24,0,0
8,0,0,37,19,24,0,0
8,0,3,26,24,24,5,0
8,0,0,17,18,10,0,0
8,0,0,13,26,3,0,0
8,0,0,20,18,22,0,0
8,0,13,17,16,6,3,0
8,0,0,8,28,7,0,0
8,0,0,7,20,12,0,0
8,0,0,5,12,10,0,0
8,0,0,10,30,22,0,0
8,0,0,12,25,19,0,0
8,0,0,11,26,20,0,0
8,0,0,11,23,29,0,0
8,0,0,11,39,15,0,0
8,0,0,18,30,13,0,0
8,0,0,11,24,18,0,0
8,0,14,18,20,21,3,0
8,0,7,26,27,20,2,0
8,0,0,6,25,4,0,0
8,0,0,8,16,10,0,0
8,0,1,30,21,28,10,0
8,0,0,20,18,15,0,0
8,0,0,28,24,21,0,0
8,0,0,39,26,30,0,0
8,0,1,11,16,8,2,0
8,0,0,5,20,9,0,0
8,0,0,12,22,11,0,0
8,0,2,13,10,4,2,0
8,0,1,15,13,6,2,0
8,0,0,11,15,27,0,0
8,0,0,6,23,6,0,0
8,0,4,12,19,14,0,0
8,0,2,38,22,29,0,0
8,0,0,21,17,17,0,0
8,0,0,16,21,20,0,0
8,0,10,24,22,29,5,0
8,0,0,10,18,10,0,0
8,0,0,10,16,12,0,0
8,0,7,21,24,16,2,0
8,0,21,20,25,20,4,0
8,0,0,18,23,16,0,0
8,0,0,10,22,13,0,0
8,0,0,10,25,17,0,0
8,0,0,23,25,19,0,0
8,0,0,7,23,19,0,0
8,0,4,28,26,18,2,0
8,0,0,10,24,18,0,0
8,0,0,19,19,19,0,0
8,0,0,24,26,19,0,0
8,0,0,17,26,23,0,0
8,0,20,19,21,4,3,0
8,0,12,25,25,17,4,0
8,0,0,17,21,8,0,0
8,0,0,10,20,6,0,0
8,0,0,11,23,3,0,0
8,0,0,30,16,28,0,0
8,0,0,25,21,19,0,0
8,0,3,28,27,29,0,0
8,0,3,36,22,23,0,0
8,0,0,30,21,21,0,0
8,0,0,11,15,8,0,0
8,0,0,9,19,10,0,0
8,0,1,12,14,14,4,0
8,0,3,5,19,14,4,0
8,0,3,10,18,4,2,0
8,0,0,11,26,5,0,0
8,0,0,10,20,6,0,0
8,0,0,30,25,21,0,0
8,0,0,0,17,16,4,0
8,0,2,26,19,26,8,0
8,0,0,16,25,22,0,0
8,0,0,19,22,19,0,0
8,0,0,9,21,6,0,0
8,0,0,8,21,8,0,0
8,0,0,14,17,9,0,0
8,0,26,24,27,22,4,0
8,0,2,33,33,9,2,0
8,0,3,15,30,15,4,0
8,0,0,9,29,29,0,0
8,0,0,7,20,18,0,0
8,0,0,14,11,14,0,0
8,0,11,26,23,14,2,0
9,0,0,20,9,29,0,0
9,0,0,2,26,0,0,0
9,0,0,5,22,14,0,0
9,0,0,21,22,25,0,0
9,0,0,8,4,22,0,0
9,0,0,9,11,20,0,0
9,0,0,7,16,6,0,0
9,0,0,8,21,13,0,0
9,0,0,6,22,23,0,0
9,0,0,4,11,26,0,0
9,0,0,10,20,22,0,0
9,0,0,10,15,8,0,0
9,0,0,14,13,20,0,0
9,0,0,7,6,17,0,0
9,0,0,5,14,7,0,0
9,0,0,4,14,6,0,0
9,0,0,17,22,21,0,0
9,0,0,10,12,30,0,0
9,0,0,12,13,33,0,0
9,0,0,9,22,19,0,0
9,0,0,4,7,14,0,0
9,0,0,9,11,18,0,0
9,0,0,11,11,21,0,0
9,0,0,9,6,22,0,0
9,0,0,14,10,38,0,0
9,0,0,16,13,29,0,0
9,0,0,11,12,25,0,0
9,0,0,14,25,16,0,0
9,0,0,14,8,20,0,0
9,0,0,10,12,19,0,0
9,0,0,6,8,15,0,0
9,0,0,17,12,39,0,0
9,0,0,16,16,28,0,0
9,0,0,15,12,24,0,0
9,0,0,12,16,12,0,0
9,0,0,13,16,19,0,0
9,0,0,13,12,39,0,0
9,0,0,8,12,35,0,0
9,0,0,9,22,14,0,0
9,0,0,9,17,13,0,0
9,0,0,9,8,18,0,0
9,0,0,9,7,18,0,0
9,0,2,10,18,14,0,0
9,0,0,9,11,15,0,0
9,0,0,9,14,19,0,0
9,0,0,6,9,37,0,0
9,0,0,9,16,31,0,0
9,0,0,9,17,23,0,0
9,0,0,13,8,27,0,0
9,0,0,14,18,8,0,0
9,0,0,10,22,19,0,0
9,0,0,14,11,37,0,0
9,0,0,9,17,16,0,0
9,0,0,15,16,38,0,0
9,0,0,15,13,28,0,0
9,0,0,13,7,29,0,0
9,0,0,2,28,10,0,0
9,0,0,8,21,27,0,0
9,0,0,18,19,28,0,0
9,0,0,11,22,15,0,0
9,0,0,7,9,13,0,0
9,0,0,13,21,25,0,0
9,0,0,15,11,20,0,0
9,0,5,17,12,27,0,0
9,0,0,9,13,33,0,0
9,0,0,10,12,38,0,0
9,0,0,2,19,16,0,0
9,0,0,4,9,8,0,0
9,0,0,3,14,6,0,0
9,0,0,8,7,21,0,0
9,0,0,5,10,12,0,0
9,0,0,3,5,16,0,0
9,0,0,12,10,28,0,0
9,0,0,11,12,36,0,0
9,0,3,20,17,30,0,0
9,0,0,12,13,29,0,0
9,0,0,19,15,23,0,0
9,0,0,15,14,31,0,0
9,0,0,24,15,41,0,0
9,0,0,6,7,15,0,0
9,0,0,9,22,11,0,0
9,0,0,12,12,34,0,0
9,0,0,11,35,0,0,0
9,0,0,11,13,23,0,0
9,0,0,6,10,17,0,0
9,0,0,19,17,28,0,0
9,0,0,28,41,20,0,0
9,0,0,4,25,8,0,0
9,0,0,6,19,7,0,0
9,0,0,8,16,27,0,0
9,0,0,11,18,17,0,0
9,0,0,17,27,21,0,0
9,0,0,12,11,39,0,0
9,0,0,7,13,25,0,0
9,0,0,6,8,14,0,0
9,0,2,7,17,6,0,0
9,0,0,1,6,15,0,0
9,0,0,12,13,22,0,0
9,0,0,6,9,13,0,0
9,0,0,9,6,18,0,0
9,0,0,13,11,35,0,0
9,0,0,14,15,36,0,0
9,0,0,8,23,30,13,0
9,0,0,13,12,25,0,0
9,0,0,8,22,14,0,0
9,0,0,8,9,29,0,0
9,0,0,8,18,18,0,0
9,0,4,21,20,32,0,0
9,0,0,12,11,31,0,0
9,0,0,10,23,9,0,0
9,0,0,3,24,4,0,0
9,0,0,9,7,16,0,0
9,0,0,9,11,21,0,0
9,0,0,7,17,9,0,0
9,0,0,12,10,21,0,0
9,0,0,12,9,19,0,0
9,0,0,14,10,17,0,0
9,0,0,10,18,24,0,0
9,0,1,13,20,24,5,0
9,0,0,4,14,2,0,0
9,0,0,4,25,5,0,0
9,0,0,4,20,0,0,0
9,0,0,6,22,2,0,0
9,0,0,5,9,14,0,0
9,0,0,14,25,20,0,0
9,0,0,10,11,25,0,0
9,0,0,13,8,21,0,0
9,0,0,11,11,28,0,0
9,0,0,12,8,22,0,0
9,0,0,12,25,12,0,0
9,0,0,11,8,15,0,0
9,0,0,18,18,24,0,0
9,0,0,9,17,14,0,0
9,0,0,6,21,5,0,0
9,0,0,11,20,8,0,0
9,0,0,11,5,17,0,0
9,0,0,3,26,6,0,0
9,0,0,11,28,5,0,0
9,0,0,7,7,18,0,0
9,0,0,7,12,21,0,0
9,0,0,15,11,24,0,0
9,0,0,14,7,26,0,0
9,0,0,16,11,22,0,0
9,0,0,13,21,17,0,0
9,0,2,14,19,25,0,0
9,0,0,7,25,10,0,0
9,0,0,5,6,15,0,0
9,0,0,11,9,17,0,0
9,0,0,2,10,11,0,0
9,0,0,6,19,14,0,0
9,0,0,9,18,22,0,0
9,0,0,11,19,18,0,0
9,0,0,17,9,23,0,0
9,0,0,16,8,21,0,0
9,0,0,7,9,18,0,0
9,0,0,8,22,7,0,0
9,0,0,7,8,22,0,0
9,0,0,17,9,20,0,0
9,0,0,11,14,30,0,0
9,0,0,4,16,12,0,0
9,0,0,8,9,19,0,0
9,0,0,9,7,20,0,0
9,0,0,9,8,22,0,0
9,0,0,7,19,15,0,0
9,0,0,10,22,10,0,0
9,0,0,7,22,11,0,0
9,0,0,14,11,26,0,0
9,0,0,7,18,8,0,0
9,0,0,10,12,21,0,0
9,0,0,14,11,21,0,0
9,0,0,13,16,15,0,0
9,0,0,13,22,20,0,0
9,0,0,15,17,21,0,0
9,0,0,9,9,19,0,0
9,0,0,6,15,4,0,0
9,0,0,7,17,11,0,0
9,0,0,12,9,19,0,0
9,0,0,10,15,19,0,0
9,0,9,16,22,25,8,0
9,0,0,12,21,13,0,0
9,0,0,9,10,21,0,0
9,0,0,12,9,20,0,0
9,0,0,8,20,7,0,0
9,0,0,14,12,25,0,0
9,0,0,8,21,9,0,0
9,0,0,3,26,7,0,0
9,0,0,5,7,17,0,0
9,0,0,8,20,9,0,0
9,0,0,9,8,18,0,0
9,0,0,19,10,30,0,0
9,0,0,12,13,22,0,0
9,0,0,9,19,8,0,0
9,0,0,6,21,5,0,0
9,0,0,8,9,23,0,0
9,0,0,11,11,27,0,0
9,0,0,14,10,20,0,0
9,0,0,12,12,16,0,0
9,0,0,11,19,15,0,0
9,0,1,9,17,21,4,0
9,0,0,10,14,13,0,0
9,0,0,9,16,8,0,0
9,0,0,15,10,19,0,0
9,0,0,17,4,20,0,0
9,0,0,7,18,5,0,0
9,0,0,2,8,10,0,0
9,0,0,20,16,16,0,0
9,0,4,12,18,23,15,0
9,0,0,10,9,12,0,0
9,0,0,16,4,19,0,0
9,0,0,13,13,21,0,0
9,0,0,14,13,21,0,0
9,0,0,12,9,21,0,0
9,0,0,6,15,13,0,0
9,0,0,8,21,14,0,0
9,0,0,12,22,23,0,0
9,0,0,10,27,8,0,0
9,0,0,6,7,11,0,0
9,0,0,6,7,21,0,0
9,0,0,6,14,21,0,0
9,0,0,9,21,4,0,0
9,0,0,6,22,5,0,0
9,0,0,11,21,11,0,0
9,0,0,7,20,6,0,0
9,0,0,8,8,21,0,0
9,0,0,14,8,22,0,0
9,0,0,6,10,16,0,0
9,0,0,12,18,19,0,0
9,0,0,11,20,21,0,0
9,0,0,7,8,15,0,0
9,0,0,3,6,10,0,0
9,0,0,5,8,9,0,0
9,0,0,7,9,19,0,0
9,0,0,11,15,21,0,0
9,0,0,13,13,27,0,0
9,0,0,12,17,14,0,0
9,0,0,12,10,21,0,0
9,0,0,6,14,12,0,0
9,0,0,6,16,4,0,0
9,0,0,4,23,0,0,0
9,0,0,11,23,17,0,0
9,0,0,7,24,9,0,0
9,0,0,8,17,13,0,0
9,0,0,11,31,15,0,0
9,0,0,12,6,21,0,0
9,0,0,4,22,11,0,0
9,0,0,13,9,23,0,0
9,0,0,4,6,21,0,0
9,0,0,15,14,23,0,0
9,0,0,4,9,18,0,0
9,0,0,0,12,16,0,0
9,0,0,19,12,27,0,0
9,0,0,9,24,11,0,0
9,0,0,6,13,5,0,0
9,0,0,8,9,17,0,0
9,0,0,12,10,17,0,0
9,0,0,13,8,25,0,0
9,0,0,11,17,21,0,0
9,0,0,10,18,18,0,0
9,0,0,8,11,14,0,0
9,0,0,5,12,5,0,0
9,0,0,8,8,15,0,0
9,0,0,5,7,8,0,0
9,0,0,8,19,12,0,0
9,0,0,9,17,21,0,0
9,0,0,9,17,14,0,0
9,0,5,20,9,28,0,0
9,0,0,15,11,18,0,0
9,0,0,11,10,21,0,0
9,0,0,9,22,7,0,0
9,0,0,6,12,13,0,0
9,0,0,7,23,2,0,0
9,0,0,9,18,13,0,0
9,0,0,10,7,20,0,0
9,0,0,11,10,23,0,0
9,0,0,7,22,12,0,0
9,0,0,7,7,17,0,0
9,0,0,11,6,17,0,0
9,0,0,6,7,20,0,0
9,0,0,12,8,18,0,0
9,0,0,8,23,12,0,0
9,0,0,8,8,18,0,0
9,0,0,16,15,26,0,0
9,0,0,7,23,4,0,0
9,0,0,15,8,19,0,0
9,0,0,12,9,25,0,0
9,0,0,5,20,3,0,0
9,0,0,15,11,23,0,0
9,0,0,14,8,19,0,0
9,0,0,11,25,22,0,0
9,0,0,10,13,18,0,0
9,0,0,8,21,17,0,0
9,0,0,3,17,6,0,0
9,0,0,6,16,6,0,0
9,0,0,7,19,9,0,0
9,0,0,7,15,18,0,0
9,0,2,15,19,15,0,0
9,0,0,17,9,25,0,0
9,0,1,19,9,25,0,0
9,0,0,6,19,4,0,0
9,0,0,15,7,20,0,0
9,0,1,10,7,29,0,0
9,0,0,14,9,20,0,0
9,0,0,7,25,5,0,0
9,0,0,7,16,28,0,0
9,0,0,7,8,17,0,0
9,0,0,8,11,21,0,0
9,0,0,9,7,21,0,0
9,0,0,10,11,22,0,0
9,0,0,1,21,19,0,0
9,0,0,8,24,13,0,0
9,0,0,22,17,33,0,0
9,0,0,2,18,4,0,0
9,0,0,18,11,20,0,0
9,0,0,11,9,15,0,0
9,0,0,14,9,22,0,0
9,0,0,10,19,11,0,0
9,0,0,7,15,27,0,0
9,0,0,5,7,17,0,0
9,0,0,2,9,8,0,0
9,0,0,4,5,13,0,0
9,0,0,7,22,6,0,0
9,0,0,11,17,21,0,0
9,0,0,10,16,16,0,0
9,0,0,16,11,20,0,0
9,0,0,16,12,25,0,0
9,0,4,14,12,30,0,0
9,0,0,6,7,10,0,0
9,0,0,6,19,16,0,0
9,0,0,0,7,21,4,0
9,0,0,1,20,14,0,0
9,0,0,8,9,20,0,0
9,0,0,7,8,18,0,0
9,0,0,14,28,10,0,0
9,0,0,11,20,4,0,0
9,0,0,12,7,13,0,0
9,0,0,14,34,5,0,0
9,0,0,7,11,30,0,0
9,0,0,10,8,39,0,0
9,0,0,9,18,15,0,0
9,0,0,21,15,35,0,0
9,0,0,18,15,27,0,0
9,0,0,8,23,7,0,0
9,0,0,7,18,6,0,0
9,0,0,12,12,22,0,0
9,0,2,16,25,28,6,0
9,0,3,16,18,19,4,0
9,0,0,11,27,23,0,0
9,0,0,2,27,13,0,0
9,0,0,11,14,38,0,0
9,0,0,12,5,16,0,0
9,0,0,6,7,17,0,0
9,0,0,3,6,13,0,0
9,0,0,2,8,8,0,0
9,0,0,5,12,24,0,0
9,0,0,1,14,19,0,0
9,0,0,8,11,28,0,0
9,0,0,24,26,19,0,0
9,0,0,9,22,21,0,0
9,0,0,6,7,20,0,0
9,0,0,9,15,9,0,0
9,0,0,5,16,4,0,0
9,0,4,21,27,31,0,0
9,0,0,19,17,39,0,0
9,0,0,17,13,17,0,0
9,0,0,12,12,22,0,0
9,0,0,14,24,19,0,0
9,0,0,10,5,18,0,0
9,0,0,10,28,16,0,0
9,0,0,12,8,32,0,0
9,0,0,7,10,23,0,0
9,0,0,8,29,4,0,0
9,0,0,11,8,15,0,0
9,0,0,6,17,24,0,0
9,0,0,14,12,23,0,0
9,0,0,16,13,31,0,0
9,0,0,10,15,9,0,0
9,0,0,5,16,5,0,0
9,0,0,13,24,17,0,0
9,0,0,12,11,32,0,0
9,0,0,11,8,23,0,0
9,0,0,8,22,25,0,0
9,0,0,8,8,16,0,0
9,0,0,5,10,9,0,0
9,0,0,3,6,17,0,0
9,0,0,7,6,16,0,0
9,0,0,4,13,11,0,0
9,0,0,7,9,15,0,0
9,0,0,2,10,16,0,0
9,0,0,11,10,39,0,0
9,0,0,11,13,36,0,0
9,0,0,12,23,15,0,0
9,0,0,14,25,15,0,0
9,0,0,12,9,23,0,0
9,0,0,7,20,3,0,0
9,0,0,16,13,33,0,0
9,0,0,11,12,30,0,0
9,0,0,9,21,11,0,0
9,0,0,10,14,22,0,0
9,0,0,6,8,22,0,0
9,0,0,14,8,36,0,0
9,0,0,20,23,19,0,0
9,0,0,14,28,1,0,0
9,0,0,7,8,27,0,0
9,0,0,11,16,22,0,0
9,0,0,8,8,16,0,0
9,0,0,9,20,14,0,0
9,0,0,15,19,28,0,0
9,0,0,16,16,36,0,0
9,0,0,6,21,4,0,0
9,0,0,12,16,23,0,0
9,0,0,12,14,31,0,0
9,0,0,8,11,30,0,0
9,0,0,9,12,34,0,0
9,0,0,5,13,10,0,0
9,0,0,0,23,0,0,0
9,0,0,2,12,4,0,0
9,0,0,6,12,6,0,0
9,0,0,8,8,16,0,0
9,0,0,10,14,14,0,0
9,0,0,8,8,16,0,0
9,0,0,9,10,10,0,0
9,0,0,8,13,35,0,0
9,0,0,5,21,21,0,0
9,0,0,6,12,33,0,0
9,0,0,12,22,23,0,0
9,0,0,10,23,4,0,0
9,0,0,6,7,18,0,0
9,0,0,12,18,27,0,0
9,0,0,8,13,34,0,0
9,0,0,11,6,18,0,0
9,0,0,9,21,11,0,0
9,0,0,5,28,0,0,0
9,0,2,14,11,37,0,0
9,0,0,11,27,4,0,0
9,0,0,16,7,26,0,0
9,0,0,18,21,19,0,0
9,0,0,7,12,9,0,0
9,0,0,17,11,34,0,0
9,0,0,14,13,37,0,0
9,0,0,15,11,26,0,0
9,0,0,14,18,22,0,0
9,0,0,9,14,17,0,0
9,0,0,10,28,10,0,0
9,0,0,13,17,14,0,0
9,0,0,0,8,23,15,0
9,0,0,12,11,34,0,0
9,0,0,11,21,14,0,0
9,0,0,5,22,5,0,0
9,0,0,7,20,22,0,0
9,0,2,6,8,21,0,0
9,0,0,6,7,13,0,0
9,0,0,3,6,8,0,0
9,0,0,6,7,14,0,0
9,0,0,2,6,8,0,0
9,0,0,8,9,18,0,0
9,0,0,8,11,9,0,0
9,0,0,6,15,28,0,0
9,0,0,8,18,26,0,0
9,0,0,7,15,19,0,0
9,0,0,13,9,35,0,0
9,0,0,12,12,39,0,0
9,0,0,12,20,9,0,0
9,0,0,7,26,4,0,0
9,0,0,10,9,27,0,0
9,0,0,11,11,22,0,0
9,0,0,11,14,29,0,0
9,0,0,8,4,14,0,0
9,0,0,8,23,10,0,0
9,0,0,3,24,15,0,0
9,0,0,11,8,23,0,0
9,0,0,15,21,23,0,0
